Full Team Name,University,CoverNumber,PomeroyName,TRankName,OldTRankName,UpdatedTRankName,SportsReference,RevisedSportsReference,FanDuel,BracketMatrix,TeamID
Abilene Christian Wildcats,Abilene Christian,,Abilene Christian,Abilene Christian,Abilene Christian,Abilene Christian,Abilene Christian,Abilene Christian,Abilene Christian Wildcats,Abilene Christian,0
Air Force Falcons,Air Force,,Air Force,Air Force,Air Force,Air Force,Air Force,Air Force,Air Force Falcons,Air Force,1
Akron Zips,Akron,,Akron,Akron,Akron,Akron,Akron,Akron,Akron Zips,Akron,2
Alabama Crimson Tide,Alabama,,Alabama,Alabama 9,Alabama,Alabama,Alabama,Alabama,Alabama Crimson Tide,Alabama,3
Alabama AM Bulldogs,Alabama A%26M,,Alabama A&M,Alabama A&M,Alabama A&M,Alabama A&M,Alabama A&M,Alabama A&M,Alabama A&M Bulldogs,Alabama A&M,4
Alabama St Hornets,Alabama St.,,Alabama St.,Alabama St.,Alabama St.,Alabama St.,Alabama State,Alabama State,Alabama St Hornets,Alabama State,5
Albany Great Danes,Albany,2403,Albany,Albany,Albany,Albany,Albany (NY),Albany (NY),Albany Great Danes,Albany,6
Alcorn St Braves,Alcorn St.,,Alcorn St.,Alcorn St.,Alcorn St.,Alcorn St.,Alcorn State,Alcorn State,Alcorn St Braves,Alcorn State,7
American Eagles,American,,American,American,American,American,American,American,American Eagles,American,8
Appalachian St Mountaineers,Appalachian St.,,Appalachian St.,Appalachian St.,Appalachian St.,Appalachian St.,Appalachian State,Appalachian State,Appalachian St Mountaineers,Appalachian State,9
Arizona Wildcats,Arizona,2175,Arizona,Arizona 4,Arizona,Arizona,Arizona,Arizona,Arizona Wildcats,Arizona,10
Arizona State Sun Devils,Arizona St.,,Arizona St.,Arizona St. 11,Arizona St.,Arizona St.,Arizona State,Arizona State,Arizona St Sun Devils,Arizona State,11
Arkansas Razorbacks,Arkansas,,Arkansas,Arkansas 7,Arkansas,Arkansas,Arkansas,Arkansas,Arkansas Razorbacks,Arkansas,12
Arkansas St Red Wolves,Arkansas St.,,Arkansas St.,Arkansas St.,Arkansas St.,Arkansas St.,Arkansas State,Arkansas State,Arkansas St Red Wolves,Arkansas St.,13
Arkansas Pine Bluff Golden Lions,Arkansas Pine Bluff,,Arkansas Pine Bluff,Arkansas Pine Bluff,Arkansas Pine Bluff,Arkansas Pine Bluff,Arkansas-Pine Bluff,Arkansas-Pine Bluff,Arkansas-Pine Bluff Golden Lions,Arkansas Pine Bluff,14
Army Black Knights,Army,,Army,Army,Army,Army,Army,Army,Army Knights,Army,15
Auburn Tigers,Auburn,,Auburn,Auburn 4,Auburn,Auburn,Auburn,Auburn,Auburn Tigers,Auburn,16
Austin Peay Governors,Austin Peay,,Austin Peay,Austin Peay,Austin Peay,Austin Peay,Austin Peay,Austin Peay,Austin Peay Governors,Austin Peay,17
Ball St Cardinals,Ball St.,,Ball St.,Ball St.,Ball St.,Ball St.,Ball State,Ball State,Ball State Cardinals,Ball St.,18
Baylor Bears,Baylor,2446,Baylor,Baylor,Baylor,Baylor,Baylor,Baylor,Baylor Bears,Baylor,19
Belmont Bruins,Belmont,,Belmont,Belmont,Belmont,Belmont,Belmont,Belmont,Belmont Bruins,Belmont,20
Bellarmine knights,Bellarmine,,Bellarmine,Bellarmine,Bellarmine,Bellarmine,Bellarmine,Bellarmine,Bellarmine Knights,Bellarmine,21
Bethune Cookman Wildcats,Bethune Cookman,,Bethune Cookman,Bethune Cookman,Bethune Cookman,Bethune Cookman,Bethune-Cookman,Bethune-Cookman,Bethune-Cookman Wildcats,Bethune Cookman,22
Binghamton Bearcats,Binghamton,2251,Binghamton,Binghamton,Binghamton,Binghamton,Binghamton,Binghamton,Binghamton Bearcats,Binghamton,23
Boise St Broncos,Boise St.,,Boise St.,Boise St.,Boise St.,Boise St.,Boise State,Boise State,Boise State Broncos,Boise St.,24
Boston College Eagles,Boston College,2486,Boston College,Boston College,Boston College,Boston College,Boston College,Boston College,Boston College Eagles,Boston College,25
Boston U Terriers,Boston University,,Boston University,Boston University,Boston University,Boston University,Boston University,Boston University,Boston Univ. Terriers,Boston University,26
Bowling Green Falcons,Bowling Green,,Bowling Green,Bowling Green,Bowling Green,Bowling Green,Bowling Green State,Bowling Green State,Bowling Green Falcons,Bowling Green,27
Bradley Braves,Bradley,,Bradley,Bradley,Bradley,Bradley,Bradley,Bradley,Bradley Braves,Bradley,28
Brigham Young Cougars,BYU,,BYU,BYU,BYU,BYU,BYU,Brigham Young,BYU Cougars,BYU,29
Brown Bears,Brown,,Brown,Brown,Brown,Brown,Brown,Brown,Brown Bears,Brown,30
Bryant Bulldogs,Bryant,,Bryant,Bryant,Bryant,Bryant,Bryant,Bryant,Bryant Bulldogs,Bryant,31
Bucknell Bison,Bucknell,,Bucknell,Bucknell 14,Bucknell,Bucknell,Bucknell,Bucknell,Bucknell Bison,Bucknell,32
Buffalo Bulls,Buffalo,,Buffalo,Buffalo 13,Buffalo,Buffalo,Buffalo,Buffalo,Buffalo Bulls,Buffalo,33
Butler Bulldogs,Butler,2295,Butler,Butler 10,Butler,Butler,Butler,Butler,Butler Bulldogs,Butler,34
Cal Poly SLO Mustangs,Cal Poly,,Cal Poly,Cal Poly,Cal Poly,Cal Poly,Cal Poly,Cal Poly,Cal Poly Mustangs,Cal Poly,35
CSU Fullerton Titans,Cal St. Fullerton,,Cal St. Fullerton,Cal St. Fullerton 15,Cal St. Fullerton,Cal St. Fullerton,Cal State Fullerton,Cal State Fullerton,CSU Fullerton Titans,Cal St. Fullerton,36
CSU Bakersfield Roadrunners,Cal St. Bakersfield,,Cal St. Bakersfield,Cal St. Bakersfield,Cal St. Bakersfield,Cal St. Bakersfield,Cal State Bakersfield,Cal State Bakersfield,CSU Bakersfield Roadrunners,Cal St. Bakersfield,37
California Baptist Lancers,Cal Baptist,Cal Baptist,Cal Baptist,Cal Baptist,Cal Baptist,Cal Baptist,California Baptist,California Baptist,Cal Baptist Lancers,Cal Baptist,38
California Golden Bears,California,,California,California,California,California,California,California,California Golden Bears,California,39
Campbell Fighting Camels,Campbell,,Campbell,Campbell,Campbell,Campbell,Campbell,Campbell,Campbell Fighting Camels,Campbell,40
Canisius Golden Griffins,Canisius,,Canisius,Canisius,Canisius,Canisius,Canisius,Canisius,Canisius Golden Griffins,Canisius,41
Central Arkansas Bears,Central Arkansas,,Central Arkansas,Central Arkansas,Central Arkansas,Central Arkansas,Central Arkansas,Central Arkansas,Central Arkansas Bears,Central Arkansas,42
Central Conn St Blue Devils,Central Connecticut,,Central Connecticut,Central Connecticut,Central Connecticut,Central Connecticut,Central Connecticut,Central Connecticut State,Central Connecticut St Blue Devils,Central Connecticut,43
UCF Knights,UCF,2339,UCF,UCF,UCF,UCF,UCF,Central Florida,UCF Knights,UCF,44
Central Michigan Chippewas,Central Michigan,,Central Michigan,Central Michigan,Central Michigan,Central Michigan,Central Michigan,Central Michigan,Central Michigan Chippewas,Central Michigan,45
Charleston Cougars,College of Charleston,,Charleston,Charleston,Charleston,Charleston,College of Charleston,College of Charleston,Charleston Cougars,College of Charleston,46
Charleston Southern Buccaneers,Charleston Southern,,Charleston Southern,Charleston Southern,Charleston Southern,Charleston Southern,Charleston Southern,Charleston Southern,Charleston Southern Buccaneers,Charleston Southern,47
Charlotte 49ers,Charlotte,,Charlotte,Charlotte,Charlotte,Charlotte,Charlotte,Charlotte,Charlotte 49ers,Charlotte,48
Chattanooga Mocs,Chattanooga,,Chattanooga,Chattanooga,Chattanooga,Chattanooga,Chattanooga,Chattanooga,Chattanooga Mocs,Chattanooga,49
Chicago St Cougars,Chicago St.,,Chicago St.,Chicago St.,Chicago St.,Chicago St.,Chicago State,Chicago State,Chicago St Cougars,Chicago St.,50
Cincinnati Bearcats,Cincinnati,2244,Cincinnati,Cincinnati 2,Cincinnati,Cincinnati,Cincinnati,Cincinnati,Cincinnati Bearcats,Cincinnati,51
Clemson Tigers,Clemson,2466,Clemson,Clemson 5,Clemson,Clemson,Clemson,Clemson,Clemson Tigers,Clemson,52
Cleveland St Vikings,Cleveland St.,,Cleveland St.,Cleveland St.,Cleveland St.,Cleveland St.,Cleveland State,Cleveland State,Cleveland St Vikings,Cleveland St.,53
Coastal Carolina Chanticleers,Coastal Carolina,,Coastal Carolina,Coastal Carolina,Coastal Carolina,Coastal Carolina,Coastal Carolina,Coastal Carolina,Coastal Carolina Chanticleers,Coastal Carolina,54
Colgate Raiders,Colgate,,Colgate,Colgate,Colgate,Colgate,Colgate,Colgate,Colgate Raiders,Colgate,55
Colorado Buffaloes,Colorado,,Colorado,Colorado,Colorado,Colorado,Colorado,Colorado,Colorado Buffaloes,Colorado,56
Colorado St Rams,Colorado St.,,Colorado St.,Colorado St.,Colorado St.,Colorado St.,Colorado State,Colorado State,Colorado St Rams,Colorado State,57
Columbia Lions,Columbia,,Columbia,Columbia,Columbia,Columbia,Columbia,Columbia,Columbia Lions,Columbia,58
Connecticut Huskies,Connecticut,,Connecticut,Connecticut,Connecticut,Connecticut,UConn,Connecticut,UConn Huskies,Connecticut,59
Coppin St Eagles,Coppin St.,,Coppin St.,Coppin St.,Coppin St.,Coppin St.,Coppin State,Coppin State,Coppin St Eagles,Coppin St.,60
Cornell Big Red,Cornell,,Cornell,Cornell,Cornell,Cornell,Cornell,Cornell,Cornell Big Red,Cornell,61
Creighton Bluejays,Creighton,2495,Creighton,Creighton 8,Creighton,Creighton,Creighton,Creighton,Creighton Bluejays,Creighton,62
CSU Northridge Matadors,Cal St. Northridge,,CSUN,Cal St. Northridge,Cal St. Northridge,Cal St. Northridge,Cal State Northridge,Cal State Northridge,CSU Northridge Matadors,Cal St. Northridge,63
Dartmouth Big Green,Dartmouth,,Dartmouth,Dartmouth,Dartmouth,Dartmouth,Dartmouth,Dartmouth,Dartmouth Big Green,Dartmouth,64
Davidson Wildcats,Davidson,,Davidson,Davidson 12,Davidson,Davidson,Davidson,Davidson,Davidson Wildcats,Davidson,65
Dayton Flyers,Dayton,,Dayton,Dayton,Dayton,Dayton,Dayton,Dayton,Dayton Flyers,Dayton,66
Delaware Blue Hens,Delaware,Delaware,Delaware,Delaware,Delaware,Delaware,Delaware,Delaware,Delaware Blue Hens,Delaware,67
Delaware State Hornets,Delaware St.,,Delaware St.,Delaware St.,Delaware St.,Delaware St.,Delaware State,Delaware State,Delaware St Hornets,Delaware St.,68
Denver Pioneers,Denver,,Denver,Denver,Denver,Denver,Denver,Denver,Denver Pioneers,Denver,69
DePaul Blue Demons,DePaul,2182,DePaul,DePaul,DePaul,DePaul,DePaul,DePaul,DePaul Blue Demons,DePaul,70
Detroit Mercy Titans,Detroit,,Detroit Mercy,Detroit,Detroit Mercy,Detroit Mercy,Detroit,Detroit Mercy,Detroit Mercy Titans,Detroit,71
Drake Bulldogs,Drake,,Drake,Drake,Drake,Drake,Drake,Drake,Drake Bulldogs,Drake,72
Drexel Dragons,Drexel,,Drexel,Drexel,Drexel,Drexel,Drexel,Drexel,Drexel Dragons,Drexel,73
Duke Blue Devils,Duke,2518,Duke,Duke 2,Duke,Duke,Duke,Duke,Duke Blue Devils,Duke,74
Duquesne Dukes,Duquesne,,Duquesne,Duquesne,Duquesne,Duquesne,Duquesne,Duquesne,Duquesne Dukes,Duquesne,75
East Carolina Pirates,East Carolina,2211,East Carolina,East Carolina,East Carolina,East Carolina,East Carolina,East Carolina,East Carolina Pirates,East Carolina,76
East Tennessee St Buccaneers,East Tennessee St.,,East Tennessee St.,East Tennessee St.,East Tennessee St.,East Tennessee St.,ETSU,East Tennessee State,East Tennessee St Buccaneers,East Tennessee St.,77
Eastern Illinois Panthers,Eastern Illinois,,Eastern Illinois,Eastern Illinois,Eastern Illinois,Eastern Illinois,Eastern Illinois,Eastern Illinois,Eastern Illinois Panthers,Eastern Illinois,78
Eastern Kentucky Colonels,Eastern Kentucky,,Eastern Kentucky,Eastern Kentucky,Eastern Kentucky,Eastern Kentucky,Eastern Kentucky,Eastern Kentucky,Eastern Kentucky Colonels,Eastern Kentucky,79
Eastern Michigan Eagles,Eastern Michigan,,Eastern Michigan,Eastern Michigan,Eastern Michigan,Eastern Michigan,Eastern Michigan,Eastern Michigan,Eastern Michigan Eagles,Eastern Michigan,80
Eastern Washington Eagles,Eastern Washington,,Eastern Washington,Eastern Washington,Eastern Washington,Eastern Washington,Eastern Washington,Eastern Washington,Eastern Washington Eagles,Eastern Washington,81
Elon University Phoenix,Elon,,Elon,Elon,Elon,Elon,Elon,Elon,Elon Phoenix,Elon,82
Evansville Purple Aces,Evansville,,Evansville,Evansville,Evansville,Evansville,Evansville,Evansville,Evansville Purple Aces,Evansville,83
Fairfield Stags,Fairfield,,Fairfield,Fairfield,Fairfield,Fairfield,Fairfield,Fairfield,Fairfield Stags,Fairfield,84
Fairleigh Dickinson Knights,Fairleigh Dickinson,,Fairleigh Dickinson,Fairleigh Dickinson,Fairleigh Dickinson,Fairleigh Dickinson,Fairleigh Dickinson,Fairleigh Dickinson,Fairleigh Dickinson Knights,Fairleigh Dickinson,85
Florida Gators,Florida,,Florida,Florida,Florida,Florida,Florida,Florida,Florida Gators,Florida,86
Florida AM Rattlers,Florida A%26M,,Florida A&M,Florida A&M,Florida A&M,Florida A&M,Florida A&M,Florida A&M,Florida A&M Rattlers,Florida A&M,87
Florida Atlantic Owls,Florida Atlantic,,Florida Atlantic,Florida Atlantic,Florida Atlantic,Florida Atlantic,Florida Atlantic,Florida Atlantic,Florida Atlantic Owls,Florida Atlantic,88
Florida Gulf Coast Eagles,Florida Gulf Coast,,Florida Gulf Coast,Florida Gulf Coast,Florida Gulf Coast,Florida Gulf Coast,Florida Gulf Coast,Florida Gulf Coast,Florida Gulf Coast Eagles,Florida Gulf Coast,89
Florida International Panthers,FIU,,FIU,FIU,FIU,FIU,Florida International,Florida International,Florida Int'l Golden Panthers,FIU,90
Florida State Seminoles,Florida St.,2261,Florida St.,Florida St. 9,Florida St.,Florida St.,Florida State,Florida State,Florida St Seminoles,Florida State,91
Fordham Rams,Fordham,,Fordham,Fordham,Fordham,Fordham,Fordham,Fordham,Fordham Rams,Fordham,92
Fresno St Bulldogs,Fresno St.,,Fresno St.,Fresno St.,Fresno St.,Fresno St.,Fresno State,Fresno State,Fresno St Bulldogs,Fresno St.,93
Furman Paladins,Furman,,Furman,Furman,Furman,Furman,Furman,Furman,Furman Paladins,Furman,94
Gardner Webb Runnin Bulldogs,Gardner Webb,,Gardner Webb,Gardner Webb,Gardner Webb,Gardner Webb,Gardner-Webb,Gardner-Webb,Gardner-Webb Bulldogs,Gardner Webb,95
George Mason Patriots,George Mason,,George Mason,George Mason,George Mason,George Mason,George Mason,George Mason,George Mason Patriots,George Mason,96
George Washington Revolutionaries,George Washington,,George Washington,George Washington,George Washington,George Washington,George Washington,George Washington,GW Revolutionaries,George Washington,97
Georgetown Hoyas,Georgetown,2316,Georgetown,Georgetown,Georgetown,Georgetown,Georgetown,Georgetown,Georgetown Hoyas,Georgetown,98
Georgia Bulldogs,Georgia,,Georgia,Georgia,Georgia,Georgia,Georgia,Georgia,Georgia Bulldogs,Georgia,99
Georgia Southern Eagles,Georgia Southern,,Georgia Southern,Georgia Southern,Georgia Southern,Georgia Southern,Georgia Southern,Georgia Southern,Georgia Southern Eagles,Georgia Southern,100
Georgia St Panthers,Georgia St.,,Georgia St.,Georgia St. 15,Georgia St.,Georgia St.,Georgia State,Georgia State,Georgia St Panthers,Georgia St.,101
Georgia Tech Yellow Jackets,Georgia Tech,2259,Georgia Tech,Georgia Tech,Georgia Tech,Georgia Tech,Georgia Tech,Georgia Tech,Georgia Tech Yellow Jackets,Georgia Tech,102
Gonzaga Bulldogs,Gonzaga,,Gonzaga,Gonzaga 4,Gonzaga,Gonzaga,Gonzaga,Gonzaga,Gonzaga Bulldogs,Gonzaga,103
Grambling State Tigers,Grambling St.,,Grambling St.,Grambling St.,Grambling St.,Grambling St.,Grambling,Grambling,Grambling St Tigers,Grambling St.,104
Grand Canyon Lopes,Grand Canyon,,Grand Canyon,Grand Canyon,Grand Canyon,Grand Canyon,Grand Canyon,Grand Canyon,Grand Canyon Lopes,Grand Canyon,105
Green Bay Phoenix,Green Bay,,Green Bay,Green Bay,Green Bay,Green Bay,Green Bay,Green Bay,Green Bay Phoenix,Green Bay,106
Hampton Pirates,Hampton,,Hampton,Hampton,Hampton,Hampton,Hampton,Hampton,Hampton Pirates,Hampton,107
Harvard Crimson,Harvard,,Harvard,Harvard,Harvard,Harvard,Harvard,Harvard,Harvard Crimson,Harvard,108
Hawaii Rainbow Warriors,Hawaii,,Hawaii,Hawaii,Hawaii,Hawaii,Hawaii,Hawaii,Hawai'i Rainbow Warriors,Hawaii,109
High Point Panthers,High Point,,High Point,High Point,High Point,High Point,High Point,High Point,High Point Panthers,High Point,110
Hofstra Pride,Hofstra,,Hofstra,Hofstra,Hofstra,Hofstra,Hofstra,Hofstra,Hofstra Pride,Hofstra,111
Holy Cross Crusaders,Holy Cross,,Holy Cross,Holy Cross,Holy Cross,Holy Cross,Holy Cross,Holy Cross,Holy Cross Crusaders,Holy Cross,112
Houston Cougars,Houston,2515,Houston,Houston 6,Houston,Houston,Houston,Houston,Houston Cougars,Houston,113
Houston Christian Huskies,Houston Christian,Houston Christian,Houston Christian,Houston Christian,Houston Christian,Houston Christian,Houston Christian,Houston Christian,Houston Christian Huskies,Houston Christian,114
Howard Bison,Howard,,Howard,Howard,Howard,Howard,Howard,Howard,Howard Bison,Howard,115
Idaho Vandals,Idaho,,Idaho,Idaho,Idaho,Idaho,Idaho,Idaho,Idaho Vandals,Idaho,116
Idaho State Bengals,Idaho St.,,Idaho St.,Idaho St.,Idaho St.,Idaho St.,Idaho State,Idaho State,Idaho State Bengals,Idaho St.,117
Illinois Fighting Illini,Illinois,2264,Illinois,Illinois,Illinois,Illinois,Illinois,Illinois,Illinois Fighting Illini,Illinois,118
Illinois St Redbirds,Illinois St.,,Illinois St.,Illinois St.,Illinois St.,Illinois St.,Illinois State,Illinois State,Illinois St Redbirds,Illinois St.,119
Illinois-Chicago Flames,Illinois Chicago,,Illinois Chicago,Illinois Chicago,Illinois Chicago,Illinois Chicago,UIC,Illinois-Chicago,UIC Flames,Illinois Chicago,120
Incarnate Word Cardinals,Incarnate Word,,Incarnate Word,Incarnate Word,Incarnate Word,Incarnate Word,Incarnate Word,Incarnate Word,Incarnate Word Cardinals,Incarnate Word,121
Indiana Hoosiers,Indiana,2481,Indiana,Indiana,Indiana,Indiana,Indiana,Indiana,Indiana Hoosiers,Indiana,122
IU Indy Jaguars,IUPUI,,IU Indy,IUPUI,IU Indy,IU Indy,IUPUI,IUPUI,IU Indy Jaguars,IUPUI,123
Indiana St Sycamores,Indiana St.,,Indiana St.,Indiana St.,Indiana St.,Indiana St.,Indiana State,Indiana State,Indiana St Sycamores,Indiana State,124
Iona Gaels,Iona,,Iona,Iona 15,Iona,Iona,Iona,Iona,Iona Gaels,Iona,125
Iowa Hawkeyes,Iowa,2196,Iowa,Iowa,Iowa,Iowa,Iowa,Iowa,Iowa Hawkeyes,Iowa,126
Iowa State Cyclones,Iowa St.,2513,Iowa St.,Iowa St.,Iowa St.,Iowa St.,Iowa State,Iowa State,Iowa State Cyclones,Iowa State,127
Purdue Fort Wayne Mastodons,Fort Wayne,,Purdue Fort Wayne,Fort Wayne,Fort Wayne,Fort Wayne,Purdue-Fort Wayne,Purdue-Fort Wayne,Fort Wayne Mastodons,Purdue-Fort Wayne,128
Jackson State Tigers,Jackson St.,,Jackson St.,Jackson St.,Jackson St.,Jackson St.,Jackson State,Jackson State,Jackson St Tigers,Jackson St.,129
Jacksonville Dolphins,Jacksonville,,Jacksonville,Jacksonville,Jacksonville,Jacksonville,Jacksonville,Jacksonville,Jacksonville Dolphins,Jacksonville,130
Jacksonville St Gamecocks,Jacksonville St.,,Jacksonville St.,Jacksonville St.,Jacksonville St.,Jacksonville St.,Jacksonville State,Jacksonville State,Jacksonville St Gamecocks,Jacksonville St.,131
James Madison Dukes,James Madison,,James Madison,James Madison,James Madison,James Madison,James Madison,James Madison,James Madison Dukes,James Madison,132
Kansas Jayhawks,Kansas,2507,Kansas,Kansas 1,Kansas,Kansas,Kansas,Kansas,Kansas Jayhawks,Kansas,133
Kansas State Wildcats,Kansas St.,2311,Kansas St.,Kansas St. 9,Kansas St.,Kansas St.,Kansas State,Kansas State,Kansas St Wildcats,Kansas State,134
Kennesaw St Owls,Kennesaw St.,,Kennesaw St.,Kennesaw St.,Kennesaw St.,Kennesaw St.,Kennesaw State,Kennesaw State,Kennesaw St Owls,Kennesaw St.,135
Kent St Golden Flashes,Kent St.,,Kent St.,Kent St.,Kent St.,Kent St.,Kent State,Kent State,Kent State Golden Flashes,Kent St.,136
Kentucky Wildcats,Kentucky,,Kentucky,Kentucky 5,Kentucky,Kentucky,Kentucky,Kentucky,Kentucky Wildcats,Kentucky,137
La Salle Explorers,La Salle,,La Salle,La Salle,La Salle,La Salle,La Salle,La Salle,La Salle Explorers,La Salle,138
Lafayette Leopards,Lafayette,,Lafayette,Lafayette,Lafayette,Lafayette,Lafayette,Lafayette,Lafayette Leopards,Lafayette,139
Lamar Cardinals,Lamar,,Lamar,Lamar,Lamar,Lamar,Lamar,Lamar,Lamar Cardinals,Lamar,140
Lehigh Mountain Hawks,Lehigh,,Lehigh,Lehigh,Lehigh,Lehigh,Lehigh,Lehigh,Lehigh Mountain Hawks,Lehigh,141
Liberty Flames,Liberty,,Liberty,Liberty,Liberty,Liberty,Liberty,Liberty,Liberty Flames,Liberty,142
Lindenwood Lions,Lindenwood,,Lindenwood,Lindenwood,Lindenwood,Lindenwood,Lindenwood,Lindenwood,Lindenwood Lions,Lindenwood,143
Lipscomb Bisons,Lipscomb,,Lipscomb,Lipscomb 15,Lipscomb,Lipscomb,Lipscomb,Lipscomb,Lipscomb Bisons,Lipscomb,144
Little Rock Trojans,Little Rock,,Little Rock,Little Rock,Little Rock,Little Rock,Little Rock,Little Rock,Arkansas-Little Rock Trojans,Little Rock,145
LIU Sharks,LIU Brooklyn,,LIU,LIU Brooklyn 16,LIU,LIU,LIU,Long Island University,LIU Sharks,LIU Brooklyn,146
Long Beach St Beach,Long Beach St.,,Long Beach St.,Long Beach St.,Long Beach St.,Long Beach St.,Long Beach State,Long Beach State,Long Beach St 49ers,Long Beach St.,147
Longwood Lancers,Longwood,,Longwood,Longwood,Longwood,Longwood,Longwood,Longwood,Longwood Lancers,Longwood,148
UL Monroe Warhawks,Louisiana Monroe,,Louisiana Monroe,Louisiana Monroe,Louisiana Monroe,Louisiana Monroe,Louisiana-Monroe,Louisiana-Monroe,UL Monroe Warhawks,Louisiana Monroe,149
Louisiana State Tigers,LSU,,LSU,LSU,LSU,LSU,LSU,Louisiana State,LSU Tigers,LSU,150
Louisiana Tech Bulldogs,Louisiana Tech,,Louisiana Tech,Louisiana Tech,Louisiana Tech,Louisiana Tech,Louisiana Tech,Louisiana Tech,Louisiana Tech Bulldogs,Louisiana Tech,151
Louisville Cardinals,Louisville,2496,Louisville,Louisville,Louisville,Louisville,Louisville,Louisville,Louisville Cardinals,Louisville,152
Loyola Marymount Lions,Loyola Marymount,,Loyola Marymount,Loyola Marymount,Loyola Marymount,Loyola Marymount,Loyola Marymount,Loyola Marymount,Loyola Marymount Lions,Loyola Marymount,153
Loyola Chicago Ramblers,Loyola Chicago,,Loyola Chicago,Loyola Chicago 11,Loyola Chicago,Loyola Chicago,Loyola (IL),Loyola (IL),Loyola (Chi) Ramblers,Loyola Chicago,154
Loyola Md Greyhounds,Loyola MD,,Loyola MD,Loyola MD,Loyola MD,Loyola MD,Loyola (MD),Loyola (MD),Loyola (MD) Greyhounds,Loyola MD,155
Maine Black Bears,Maine,2185,Maine,Maine,Maine,Maine,Maine,Maine,Maine Black Bears,Maine,156
Manhattan Jaspers,Manhattan,,Manhattan,Manhattan,Manhattan,Manhattan,Manhattan,Manhattan,Manhattan Jaspers,Manhattan,157
Marist Red Foxes,Marist,,Marist,Marist,Marist,Marist,Marist,Marist,Marist Red Foxes,Marist,158
Marquette Golden Eagles,Marquette,2406,Marquette,Marquette,Marquette,Marquette,Marquette,Marquette,Marquette Golden Eagles,Marquette,159
Marshall Thundering Herd,Marshall,,Marshall,Marshall 13,Marshall,Marshall,Marshall,Marshall,Marshall Thundering Herd,Marshall,160
Maryland Terrapins,Maryland,,Maryland,Maryland,Maryland,Maryland,Maryland,Maryland,Maryland Terrapins,Maryland,161
Maryland Eastern Shore Hawks,Maryland Eastern Shore,2174,Maryland Eastern Shore,Maryland Eastern Shore,Maryland Eastern Shore,Maryland Eastern Shore,Maryland-Eastern Shore,Maryland-Eastern Shore,Maryland-Eastern Shore Hawks,Maryland Eastern Shore,162
Massachusetts Minutemen,Massachusetts,,Massachusetts,Massachusetts,Massachusetts,Massachusetts,UMass,Massachusetts,Massachusetts Minutemen,Massachusetts,163
Massachusetts Lowell River Hawks,UMass Lowell,665710,UMass Lowell,UMass Lowell,UMass Lowell,UMass Lowell,UMass-Lowell,Massachusetts-Lowell,UMass Lowell River Hawks,UMass Lowell,164
McNeese St Cowboys,McNeese St.,,McNeese,McNeese St.,McNeese St.,McNeese St.,McNeese State,McNeese State,McNeese Cowboys,McNeese State,165
UMBC Retrievers,UMBC,2411,UMBC,UMBC 16,UMBC,UMBC,UMBC,Maryland-Baltimore County,UMBC Retrievers,UMBC,166
Memphis Tigers,Memphis,2204,Memphis,Memphis,Memphis,Memphis,Memphis,Memphis,Memphis Tigers,Memphis,167
Merrimack Warriors,Merrimack,,Merrimack,Merrimack,Merrimack,Merrimack,Merrimack,Merrimack,Merrimack Warriors,Merrimack,168
Mercer Bears,Mercer,,Mercer,Mercer,Mercer,Mercer,Mercer,Mercer,Mercer Bears,Mercer,169
Miami OH RedHawks,Miami OH,,Miami OH,Miami OH,Miami OH,Miami OH,Miami (OH),Miami (OH),Miami (OH) RedHawks,Miami OH,170
Miami Hurricanes,Miami FL,2494,Miami FL,Miami FL 6,Miami FL,Miami FL,Miami (FL),Miami (FL),Miami Hurricanes,Miami (FLA.),171
Michigan Wolverines,Michigan,2323,Michigan,Michigan 3,Michigan,Michigan,Michigan,Michigan,Michigan Wolverines,Michigan,172
Michigan St Spartans,Michigan St.,2180,Michigan St.,Michigan St. 3,Michigan St.,Michigan St.,Michigan State,Michigan State,Michigan St Spartans,Michigan State,173
Middle Tennessee St Blue Raiders,Middle Tennessee,,Middle Tennessee,Middle Tennessee,Middle Tennessee,Middle Tennessee,Middle Tennessee,Middle Tennessee,Middle Tennessee Blue Raiders,Middle Tennessee,174
Minnesota Golden Gophers,Minnesota,2412,Minnesota,Minnesota,Minnesota,Minnesota,Minnesota,Minnesota,Minnesota Golden Gophers,Minnesota,175
Mississippi Rebels,Mississippi,,Mississippi,Mississippi,Mississippi,Mississippi,Ole Miss,Mississippi,Ole Miss Rebels,Mississippi,176
Mississippi State Bulldogs,Mississippi St.,,Mississippi St.,Mississippi St.,Mississippi St.,Mississippi St.,Mississippi State,Mississippi State,Mississippi St Bulldogs,Mississippi State,177
Mississippi Valley State Delta Devils,Mississippi Valley St.,,Mississippi Valley St.,Mississippi Valley St.,Mississippi Valley St.,Mississippi Valley St.,Mississippi Valley State,Mississippi Valley State,Miss Valley St Delta Devils,Mississippi Valley St.,178
Missouri Tigers,Missouri,,Missouri,Missouri 8,Missouri,Missouri,Missouri,Missouri,Missouri Tigers,Missouri,179
Missouri St Bears,Missouri St.,,Missouri St.,Missouri St.,Missouri St.,Missouri St.,Missouri State,Missouri State,Missouri St Bears,Missouri St.,180
Monmouth-NJ Hawks,Monmouth,,Monmouth,Monmouth,Monmouth,Monmouth,Monmouth,Monmouth,Monmouth Hawks,Monmouth,181
Montana Grizzlies,Montana,,Montana,Montana 14,Montana,Montana,Montana,Montana,Montana Grizzlies,Montana,182
Montana St Bobcats,Montana St.,,Montana St.,Montana St.,Montana St.,Montana St.,Montana State,Montana State,Montana St Bobcats,Montana St.,183
Morehead St Eagles,Morehead St.,,Morehead St.,Morehead St.,Morehead St.,Morehead St.,Morehead State,Morehead State,Morehead St Eagles,Morehead State,184
Morgan St Bears,Morgan St.,,Morgan St.,Morgan St.,Morgan St.,Morgan St.,Morgan State,Morgan State,Morgan St Bears,Morgan St.,185
Mount St Marys Mountaineers,Mount St. Mary%27s,,Mount St. Mary's,Mount St. Mary's,Mount St. Mary's,Mount St. Mary's,Mount St. Mary's,Mount St. Mary's,Mt. St. Mary's Mountaineers,Mount St. Mary's,186
Murray St Racers,Murray St.,,Murray St.,Murray St. 12,Murray St.,Murray St.,Murray State,Murray State,Murray St Racers,Murray St.,187
Navy Midshipmen,Navy,,Navy,Navy,Navy,Navy,Navy,Navy,Navy Midshipmen,Navy,188
NC State Wolfpack,North Carolina St.,,N.C. State,N.C. State,N.C. State,N.C. State,NC State,NC State,NC State Wolfpack,North Carolina St.,189
UNC Asheville Bulldogs,UNC Asheville,,UNC Asheville,UNC Asheville,UNC Asheville,UNC Asheville,UNC Asheville,UNC Asheville,UNC Asheville Bulldogs,UNC Asheville,190
UNC Greensboro Spartans,UNC Greensboro,,UNC Greensboro,UNC Greensboro 13,UNC Greensboro,UNC Greensboro,UNC Greensboro,UNC Greensboro,UNC Greensboro Spartans,UNC Greensboro,191
UNC Wilmington Seahawks,UNC Wilmington,,UNC Wilmington,UNC Wilmington,UNC Wilmington,UNC Wilmington,UNC Wilmington,UNC Wilmington,UNC Wilmington Seahawks,NC-Wilmington,192
Nebraska Cornhuskers,Nebraska,,Nebraska,Nebraska,Nebraska,Nebraska,Nebraska,Nebraska,Nebraska Cornhuskers,Nebraska,193
Nebraska Omaha Mavericks,Nebraska Omaha,2546,Nebraska Omaha,Nebraska Omaha,Nebraska Omaha,Nebraska Omaha,Omaha,Omaha,Omaha Mavericks,Nebraska Omaha,194
Nevada Wolf Pack,Nevada,,Nevada,Nevada 7,Nevada,Nevada,Nevada,Nevada,Nevada Wolf Pack,Nevada,195
New Hampshire Wildcats,New Hampshire,2286,New Hampshire,New Hampshire,New Hampshire,New Hampshire,New Hampshire,New Hampshire,New Hampshire Wildcats,New Hampshire,196
NJIT Highlanders,NJIT,,NJIT,NJIT,NJIT,NJIT,NJIT,NJIT,NJIT Highlanders,NJIT,197
New Mexico Lobos,New Mexico,,New Mexico,New Mexico,New Mexico,New Mexico,New Mexico,New Mexico,New Mexico Lobos,New Mexico,198
New Mexico St Aggies,New Mexico St.,,New Mexico St.,New Mexico St. 12,New Mexico St.,New Mexico St.,New Mexico State,New Mexico State,New Mexico St Aggies,New Mexico St.,199
New Orleans Privateers,New Orleans,,New Orleans,New Orleans,New Orleans,New Orleans,New Orleans,New Orleans,New Orleans Privateers,New Orleans,200
Niagara Purple Eagles,Niagara,,Niagara,Niagara,Niagara,Niagara,Niagara,Niagara,Niagara Purple Eagles,Niagara,201
Nicholls State Colonels,Nicholls St.,,Nicholls,Nicholls St.,Nicholls St.,Nicholls St.,Nicholls State,Nicholls State,Nicholls St Colonels,Nicholls St.,202
North Carolina AT Aggies,North Carolina A%26T,,North Carolina A&T,North Carolina A&T,North Carolina A&T,North Carolina A&T,North Carolina A&T,North Carolina A&T,North Carolina A&T Aggies,North Carolina A&T,203
Norfolk State Spartans,Norfolk St.,,Norfolk St.,Norfolk St.,Norfolk St.,Norfolk St.,Norfolk State,Norfolk State,Norfolk St Spartans,Norfolk State,204
North Alabama Lions,North Alabama,North Alabama,North Alabama,North Alabama,North Alabama,North Alabama,North Alabama,North Alabama,North Alabama Lions,North Alabama,205
North Carolina Tar Heels,North Carolina,2266,North Carolina,North Carolina 2,North Carolina,North Carolina,UNC,North Carolina,North Carolina Tar Heels,North Carolina,206
North Carolina Central Eagles,North Carolina Central,,North Carolina Central,North Carolina Central 16,North Carolina Central,North Carolina Central,North Carolina Central,North Carolina Central,North Carolina Central Eagles,North Carolina Central,207
North Dakota Fighting Hawks,North Dakota,,North Dakota,North Dakota,North Dakota,North Dakota,North Dakota,North Dakota,North Dakota Fighting Hawks,North Dakota,208
North Dakota State Bison,North Dakota St.,,North Dakota St.,North Dakota St.,North Dakota St.,North Dakota St.,North Dakota State,North Dakota State,North Dakota St Bison,North Dakota St.,209
North Florida Ospreys,North Florida,,North Florida,North Florida,North Florida,North Florida,North Florida,North Florida,North Florida Ospreys,North Florida,210
North Texas Mean Green,North Texas,,North Texas,North Texas,North Texas,North Texas,North Texas,North Texas,North Texas Mean Green,North Texas,211
Northeastern Huskies,Northeastern,,Northeastern,Northeastern,Northeastern,Northeastern,Northeastern,Northeastern,Northeastern Huskies,Northeastern,212
Northern Arizona Lumberjacks,Northern Arizona,,Northern Arizona,Northern Arizona,Northern Arizona,Northern Arizona,Northern Arizona,Northern Arizona,Northern Arizona Lumberjacks,Northern Arizona,213
Northern Colorado Bears,Northern Colorado,,Northern Colorado,Northern Colorado,Northern Colorado,Northern Colorado,Northern Colorado,Northern Colorado,N Colorado Bears,Northern Colorado,214
Northern Illinois Huskies,Northern Illinois,,Northern Illinois,Northern Illinois,Northern Illinois,Northern Illinois,Northern Illinois,Northern Illinois,Northern Illinois Huskies,Northern Illinois,215
Northern Iowa Panthers,Northern Iowa,,Northern Iowa,Northern Iowa,Northern Iowa,Northern Iowa,Northern Iowa,Northern Iowa,Northern Iowa Panthers,Northern Iowa,216
Northern Kentucky Norse,Northern Kentucky,,Northern Kentucky,Northern Kentucky,Northern Kentucky,Northern Kentucky,Northern Kentucky,Northern Kentucky,Northern Kentucky Norse,Northern Kentucky,217
Northwestern Wildcats,Northwestern,,Northwestern,Northwestern,Northwestern,Northwestern,Northwestern,Northwestern,Northwestern Wildcats,Northwestern,218
Northwestern St Demons,Northwestern St.,2216,Northwestern St.,Northwestern St.,Northwestern St.,Northwestern St.,Northwestern State,Northwestern State,Northwestern St Demons,Northwestern St.,219
Notre Dame Fighting Irish,Notre Dame,2285,Notre Dame,Notre Dame,Notre Dame,Notre Dame,Notre Dame,Notre Dame,Notre Dame Fighting Irish,Notre Dame,220
Oakland Golden Grizzlies,Oakland,,Oakland,Oakland,Oakland,Oakland,Oakland,Oakland,Oakland Golden Grizzlies,Oakland,221
Ohio Bobcats,Ohio,,Ohio,Ohio,Ohio,Ohio,Ohio,Ohio,Ohio Bobcats,Ohio,222
Ohio St Buckeyes,Ohio St.,2500,Ohio St.,Ohio St. 5,Ohio St.,Ohio St.,Ohio State,Ohio State,Ohio State Buckeyes,Ohio State,223
Oklahoma Sooners,Oklahoma,2178,Oklahoma,Oklahoma 10,Oklahoma,Oklahoma,Oklahoma,Oklahoma,Oklahoma Sooners,Oklahoma,224
Oklahoma State Cowboys,Oklahoma St.,2243,Oklahoma St.,Oklahoma St.,Oklahoma St.,Oklahoma St.,Oklahoma State,Oklahoma State,Oklahoma St Cowboys,Oklahoma State,225
Old Dominion Monarchs,Old Dominion,,Old Dominion,Old Dominion,Old Dominion,Old Dominion,Old Dominion,Old Dominion,Old Dominion Monarchs,Old Dominion,226
Oral Roberts Golden Eagles,Oral Roberts,,Oral Roberts,Oral Roberts,Oral Roberts,Oral Roberts,Oral Roberts,Oral Roberts,Oral Roberts Golden Eagles,Oral Roberts,227
Oregon Ducks,Oregon,,Oregon,Oregon,Oregon,Oregon,Oregon,Oregon,Oregon Ducks,Oregon,228
Oregon St Beavers,Oregon St.,,Oregon St.,Oregon St.,Oregon St.,Oregon St.,Oregon State,Oregon State,Oregon St Beavers,Oregon St.,229
Pacific Tigers,Pacific,,Pacific,Pacific,Pacific,Pacific,Pacific,Pacific,Pacific Tigers,Pacific,230
Penn St Nittany Lions,Penn St.,2501,Penn St.,Penn St.,Penn St.,Penn St.,Penn State,Penn State,Penn State Nittany Lions,Penn St.,231
Pennsylvania Quakers,Penn,,Penn,Penn 16,Penn,Penn,Penn,Pennsylvania,Pennsylvania Quakers,Penn,232
Pepperdine Waves,Pepperdine,,Pepperdine,Pepperdine,Pepperdine,Pepperdine,Pepperdine,Pepperdine,Pepperdine Waves,Pepperdine,233
Pittsburgh Panthers,Pittsburgh,2279,Pittsburgh,Pittsburgh,Pittsburgh,Pittsburgh,Pitt,Pittsburgh,Pittsburgh Panthers,Pittsburgh,234
Portland Pilots,Portland,,Portland,Portland,Portland,Portland,Portland,Portland,Portland Pilots,Portland,235
Portland St Vikings,Portland St.,,Portland St.,Portland St.,Portland St.,Portland St.,Portland State,Portland State,Portland St Vikings,Portland State,236
Prairie View AM Panthers,Prairie View A%26M,,Prairie View A&M,Prairie View A&M,Prairie View A&M,Prairie View A&M,Prairie View,Prairie View,Prairie View Panthers,Prairie View A&M,237
Presbyterian Blue Hose,Presbyterian,,Presbyterian,Presbyterian,Presbyterian,Presbyterian,Presbyterian,Presbyterian,Presbyterian Blue Hose,Presbyterian,238
Princeton Tigers,Princeton,,Princeton,Princeton,Princeton,Princeton,Princeton,Princeton,Princeton Tigers,Princeton,239
Providence Friars,Providence,2301,Providence,Providence 10,Providence,Providence,Providence,Providence,Providence Friars,Providence,240
Purdue Boilermakers,Purdue,2294,Purdue,Purdue 2,Purdue,Purdue,Purdue,Purdue,Purdue Boilermakers,Purdue,241
Queens university of charlotte royals,Queens,,Queens,Queens,Queens,Queens,Queens (NC),Queens (NC),Queens University Royals,Queens,242
Quinnipiac Bobcats,Quinnipiac,,Quinnipiac,Quinnipiac,Quinnipiac,Quinnipiac,Quinnipiac,Quinnipiac,Quinnipiac Bobcats,Quinnipiac,243
Radford Highlanders,Radford,,Radford,Radford 16,Radford,Radford,Radford,Radford,Radford Highlanders,Radford,244
Rhode Island Rams,Rhode Island,,Rhode Island,Rhode Island 7,Rhode Island,Rhode Island,Rhode Island,Rhode Island,Rhode Island Rams,Rhode Island,245
Rice Owls,Rice,,Rice,Rice,Rice,Rice,Rice,Rice,Rice Owls,Rice,246
Richmond Spiders,Richmond,,Richmond,Richmond,Richmond,Richmond,Richmond,Richmond,Richmond Spiders,Richmond,247
Rider Broncs,Rider,,Rider,Rider,Rider,Rider,Rider,Rider,Rider Broncs,Rider,248
Robert Morris Colonials,Robert Morris,,Robert Morris,Robert Morris,Robert Morris,Robert Morris,Robert Morris,Robert Morris,Robert Morris Colonials,Robert Morris,249
Rutgers Scarlet Knights,Rutgers,2210,Rutgers,Rutgers,Rutgers,Rutgers,Rutgers,Rutgers,Rutgers Scarlet Knights,Rutgers,250
Sacramento State Hornets,Sacramento St.,,Sacramento St.,Sacramento St.,Sacramento St.,Sacramento St.,Sacramento State,Sacramento State,Sacramento St Hornets,Sacramento St.,251
Sacred Heart Pioneers,Sacred Heart,,Sacred Heart,Sacred Heart,Sacred Heart,Sacred Heart,Sacred Heart,Sacred Heart,Sacred Heart Pioneers,Sacred Heart,252
Saint Louis Billikens,Saint Louis,,Saint Louis,Saint Louis,Saint Louis,Saint Louis,Saint Louis,Saint Louis,Saint Louis Billikens,Saint Louis,253
Sam Houston St Bearkats,Sam Houston St.,,Sam Houston St.,Sam Houston St.,Sam Houston St.,Sam Houston St.,Sam Houston State,Sam Houston State,Sam Houston St Bearkats,Sam Houston St.,254
Samford Bulldogs,Samford,,Samford,Samford,Samford,Samford,Samford,Samford,Samford Bulldogs,Samford,255
San Diego Toreros,San Diego,,San Diego,San Diego,San Diego,San Diego,San Diego,San Diego,San Diego Toreros,San Diego,256
San Diego St Aztecs,San Diego St.,,San Diego St.,San Diego St. 11,San Diego St.,San Diego St.,San Diego State,San Diego State,San Diego St Aztecs,San Diego State,257
San Francisco Dons,San Francisco,,San Francisco,San Francisco,San Francisco,San Francisco,San Francisco,San Francisco,San Francisco Dons,San Francisco,258
San Jose St Spartans,San Jose St.,,San Jose St.,San Jose St.,San Jose St.,San Jose St.,San Jose State,San Jose State,San José St Spartans,San Jose St.,259
Santa Clara Broncos,Santa Clara,,Santa Clara,Santa Clara,Santa Clara,Santa Clara,Santa Clara,Santa Clara,Santa Clara Broncos,Santa Clara,260
SE Missouri St Redhawks,Southeast Missouri St.,,Southeast Missouri,Southeast Missouri St.,Southeast Missouri St.,Southeast Missouri St.,Southeast Missouri State,Southeast Missouri State,SE Missouri St Redhawks,Southeast Missouri St.,261
Seattle Redhawks,Seattle,,Seattle,Seattle,Seattle,Seattle,Seattle,Seattle,Seattle Redhawks,Seattle,262
Seton Hall Pirates,Seton Hall,2300,Seton Hall,Seton Hall 8,Seton Hall,Seton Hall,Seton Hall,Seton Hall,Seton Hall Pirates,Seton Hall,263
Siena Saints,Siena,,Siena,Siena,Siena,Siena,Siena,Siena,Siena Saints,Siena,264
SIU Edwardsville Cougars,SIU Edwardsville,,SIUE,SIU Edwardsville,SIU Edwardsville,SIU Edwardsville,SIU-Edwardsville,SIU Edwardsville,SIU-Edwardsville Cougars,SIU Edwardsville,265
South Alabama Jaguars,South Alabama,,South Alabama,South Alabama,South Alabama,South Alabama,South Alabama,South Alabama,South Alabama Jaguars,South Alabama,266
South Carolina Gamecocks,South Carolina,,South Carolina,South Carolina,South Carolina,South Carolina,South Carolina,South Carolina,South Carolina Gamecocks,South Carolina,267
South Carolina State Bulldogs,South Carolina St.,,South Carolina St.,South Carolina St.,South Carolina St.,South Carolina St.,South Carolina State,South Carolina State,South Carolina St Bulldogs,South Carolina St.,268
South Carolina Upstate Spartans,USC Upstate,,USC Upstate,USC Upstate,USC Upstate,USC Upstate,USC Upstate,South Carolina Upstate,South Carolina Upstate Spartans,USC Upstate,269
South Dakota Coyotes,South Dakota,,South Dakota,South Dakota,South Dakota,South Dakota,South Dakota,South Dakota,South Dakota Coyotes,South Dakota,270
South Dakota State Jackrabbits,South Dakota St.,,South Dakota St.,South Dakota St. 12,South Dakota St.,South Dakota St.,South Dakota State,South Dakota State,South Dakota St Jackrabbits,South Dakota State,271
South Florida Bulls,South Florida,2510,South Florida,South Florida,South Florida,South Florida,South Florida,South Florida,South Florida Bulls,South Florida,272
Southeastern Louisiana Lions,Southeastern Louisiana,,Southeastern Louisiana,Southeastern Louisiana,Southeastern Louisiana,Southeastern Louisiana,Southeastern Louisiana,Southeastern Louisiana,SE Louisiana Lions,Southeastern Louisiana,273
Southern Jaguars,Southern,,Southern,Southern,Southern,Southern,Southern,Southern,Southern Jaguars,Southern,274
Southern California Trojans,USC,,USC,USC,USC,USC,USC,Southern California,USC Trojans,USC,275
Southern Illinois Salukis,Southern Illinois,,Southern Illinois,Southern Illinois,Southern Illinois,Southern Illinois,Southern Illinois,Southern Illinois,Southern Illinois Salukis,Southern Illinois,276
Southern Indiana Screaming Eagles,Southern Indiana,Southern Indiana,Southern Indiana,Southern Indiana,Southern Indiana,Southern Indiana,Southern Indiana,Southern Indiana,Southern Indiana Screaming Eagles,Southern Indiana,277
Southern Methodist Mustangs,SMU,2349,SMU,SMU,SMU,SMU,SMU,Southern Methodist,SMU Mustangs,SMU,278
Southern Miss Golden Eagles,Southern Miss,,Southern Miss,Southern Miss,Southern Miss,Southern Miss,Southern Miss,Southern Mississippi,Southern Miss Golden Eagles,Southern Miss,279
Southern Utah Thunderbirds,Southern Utah,,Southern Utah,Southern Utah,Southern Utah,Southern Utah,Southern Utah,Southern Utah,Southern Utah Thunderbirds,Southern Utah,280
St Bonaventure Bonnies,St. Bonaventure,,St. Bonaventure,St. Bonaventure 11,St. Bonaventure,St. Bonaventure,St. Bonaventure,St. Bonaventure,St. Bonaventure Bonnies,St. Bonaventure,281
St Francis PA Red Flash,St. Francis PA,,Saint Francis,St. Francis PA,Saint Francis,Saint Francis,Saint Francis (PA),Saint Francis (PA),St. Francis (PA) Red Flash,St. Francis PA,282
St Thomas Mn Tommies,St. Thomas,,St. Thomas,St. Thomas,St. Thomas,St. Thomas,St. Thomas (MN),St. Thomas (MN),St. Thomas (MN) Tommies,St. Thomas,283
St Johns Red Storm,St. John%27s,2442,St. John's,St. John's,St. John's,St. John's,St. John's (NY),St. John's (NY),St. John's Red Storm,St. John's,284
Saint Josephs Hawks,Saint Joseph%27s,,Saint Joseph's,Saint Joseph's,Saint Joseph's,Saint Joseph's,St. Joseph's,Saint Joseph's,Saint Joseph's Hawks,Saint Joseph's,285
Saint Marys Gaels,Saint Mary%27s,,Saint Mary's,Saint Mary's,Saint Mary's,Saint Mary's,Saint Mary's,Saint Mary's (CA),Saint Mary's Gaels,Saint Mary's,286
Saint Peters Peacocks,Saint Peter%27s,,Saint Peter's,Saint Peter's,Saint Peter's,Saint Peter's,St. Peter's,Saint Peter's,Saint Peter's Peacocks,Saint Peter's,287
Stanford Cardinal,Stanford,,Stanford,Stanford,Stanford,Stanford,Stanford,Stanford,Stanford Cardinal,Stanford,288
Stephen F Austin Lumberjacks,Stephen F. Austin,,Stephen F. Austin,Stephen F. Austin 14,Stephen F. Austin,Stephen F. Austin,Stephen F. Austin,Stephen F. Austin,Stephen F. Austin Lumberjacks,Stephen F. Austin,289
Stetson Hatters,Stetson,,Stetson,Stetson,Stetson,Stetson,Stetson,Stetson,Stetson Hatters,Stetson,290
Stonehill Skyhawks,Stonehill,,Stonehill,Stonehill,Stonehill,Stonehill,Stonehill,Stonehill,Stonehill Skyhawks,Stonehill,291
Stony Brook Seawolves,Stony Brook,2443,Stony Brook,Stony Brook,Stony Brook,Stony Brook,Stony Brook,Stony Brook,Stony Brook Seawolves,Stony Brook,292
Syracuse Orange,Syracuse,2186,Syracuse,Syracuse 11,Syracuse,Syracuse,Syracuse,Syracuse,Syracuse Orange,Syracuse,293
tarleton state texans,Tarleton St.,,Tarleton St.,Tarleton St.,Tarleton St.,Tarleton St.,Tarleton State,Tarleton State,Tarleton State Texans,Tarleton St.,294
Temple Owls,Temple,2177,Temple,Temple,Temple,Temple,Temple,Temple,Temple Owls,Temple,295
Tenn-Martin Skyhawks,Tennessee Martin,,Tennessee Martin,Tennessee Martin,Tennessee Martin,Tennessee Martin,UT-Martin,Tennessee-Martin,Tenn-Martin Skyhawks,Tennessee Martin,296
Tennessee Volunteers,Tennessee,,Tennessee,Tennessee 3,Tennessee,Tennessee,Tennessee,Tennessee,Tennessee Volunteers,Tennessee,297
Tennessee St Tigers,Tennessee St.,,Tennessee St.,Tennessee St.,Tennessee St.,Tennessee St.,Tennessee State,Tennessee State,Tennessee St Tigers,Tennessee St.,298
Tennessee Tech Golden Eagles,Tennessee Tech,,Tennessee Tech,Tennessee Tech,Tennessee Tech,Tennessee Tech,Tennessee Tech,Tennessee Tech,Tennessee Tech Golden Eagles,Tennessee Tech,299
Texas Longhorns,Texas,2380,Texas,Texas 10,Texas,Texas,Texas,Texas,Texas Longhorns,Texas,300
Texas AM Aggies,Texas A%26M,,Texas A&M,Texas A&M 7,Texas A&M,Texas A&M,Texas A&M,Texas A&M,Texas A&M Aggies,Texas A&M,301
Texas AM CC Islanders,Texas A%26M Corpus Chris,,Texas A&M Corpus Chris,Texas A&M Corpus Chris,Texas A&M Corpus Chris,Texas A&M Corpus Chris,Texas A&M-Corpus Christi,Texas A&M-Corpus Christi,Texas A&M-CC Islanders,Texas A&M Corpus Chris,302
texas christian horned frogs,TCU,2291,TCU,TCU 6,TCU,TCU,TCU,TCU,TCU Horned Frogs,TCU,303
Texas Rio Grande Valley Vaqueros,UT Rio Grande Valley,,UT Rio Grande Valley,UT Rio Grande Valley,UT Rio Grande Valley,UT Rio Grande Valley,Texas-Rio Grande Valley,Texas-Rio Grande Valley,UT Rio Grande Valley Vaqueros,UT Rio Grande Valley,304
Texas Southern Tigers,Texas Southern,,Texas Southern,Texas Southern 16,Texas Southern,Texas Southern,Texas Southern,Texas Southern,Texas Southern Tigers,Texas Southern,305
Texas State Bobcats,Texas St.,,Texas St.,Texas St.,Texas St.,Texas St.,Texas State,Texas State,Texas State Bobcats,Texas St.,306
Texas Tech Red Raiders,Texas Tech,2319,Texas Tech,Texas Tech 3,Texas Tech,Texas Tech,Texas Tech,Texas Tech,Texas Tech Red Raiders,Texas Tech,307
Texas Arlington Mavericks,UT Arlington,,UT Arlington,UT Arlington,UT Arlington,UT Arlington,UT Arlington,UT Arlington,UT-Arlington Mavericks,UT Arlington,308
Texas El Paso Miners,UTEP,,UTEP,UTEP,UTEP,UTEP,UTEP,UTEP,UTEP Miners,UTEP,309
Texas San Antonio Roadrunners,UTSA,,UTSA,UTSA,UTSA,UTSA,UTSA,UTSA,UTSA Roadrunners,UTSA,310
The Citadel Bulldogs,The Citadel,,The Citadel,The Citadel,The Citadel,The Citadel,The Citadel,The Citadel,The Citadel Bulldogs,The Citadel,311
Toledo Rockets,Toledo,,Toledo,Toledo,Toledo,Toledo,Toledo,Toledo,Toledo Rockets,Toledo,312
Towson Tigers,Towson,,Towson,Towson,Towson,Towson,Towson,Towson,Towson Tigers,Towson,313
Troy Trojans,Troy,,Troy,Troy,Troy,Troy,Troy,Troy,Troy Trojans,Troy,314
Tulane Green Wave,Tulane,2367,Tulane,Tulane,Tulane,Tulane,Tulane,Tulane,Tulane Green Wave,Tulane,315
Tulsa Golden Hurricane,Tulsa,2512,Tulsa,Tulsa,Tulsa,Tulsa,Tulsa,Tulsa,Tulsa Golden Hurricane,Tulsa,316
UAB Blazers,UAB,,UAB,UAB,UAB,UAB,UAB,UAB,UAB Blazers,UAB,317
UC Davis Aggies,UC Davis,,UC Davis,UC Davis,UC Davis,UC Davis,UC-Davis,UC Davis,UC Davis Aggies,UC Davis,318
UC Irvine Anteaters,UC Irvine,,UC Irvine,UC Irvine,UC Irvine,UC Irvine,UC-Irvine,UC Irvine,UC Irvine Anteaters,UC Irvine,319
UC San Diego tritons,UC San Diego,,UC San Diego,UC San Diego,UC San Diego,UC San Diego,UC-San Diego,UC San Diego,UC San Diego Tritons,UC San Diego,320
UC Riverside Highlanders,UC Riverside,,UC Riverside,UC Riverside,UC Riverside,UC Riverside,UC-Riverside,UC Riverside,UC Riverside Highlanders,UC Riverside,321
UC Santa Barbara Gauchos,UC Santa Barbara,,UC Santa Barbara,UC Santa Barbara,UC Santa Barbara,UC Santa Barbara,UCSB,UC Santa Barbara,UC Santa Barbara Gauchos,UC Santa Barbara,322
UCLA Bruins,UCLA,,UCLA,UCLA 11,UCLA,UCLA,UCLA,UCLA,UCLA Bruins,UCLA,323
Kansas City roos,UMKC,,Kansas City,UMKC,UMKC,UMKC,Kansas City,Kansas City,UMKC Kangaroos,UMKC,324
UNLV Rebels,UNLV,,UNLV,UNLV,UNLV,UNLV,UNLV,Nevada-Las Vegas,UNLV Rebels,UNLV,325
Utah Utes,Utah,,Utah,Utah,Utah,Utah,Utah,Utah,Utah Utes,Utah,326
Utah St Aggies,Utah St.,,Utah St.,Utah St.,Utah St.,Utah St.,Utah State,Utah State,Utah State Aggies,Utah State,327
Utah Tech Trailblazers,Utah Tech,,Utah Tech,Utah Tech,Utah Tech,Utah Tech,Utah Tech,Utah Tech,Utah Tech Trailblazers,Utah Tech,328
Utah Valley Wolverines,Utah Valley,,Utah Valley,Utah Valley,Utah Valley,Utah Valley,Utah Valley,Utah Valley,Utah Valley Wolverines,Utah Valley,329
Valparaiso Beacons,Valparaiso,,Valparaiso,Valparaiso,Valparaiso,Valparaiso,Valparaiso,Valparaiso,Valparaiso Beacons,Valparaiso,330
Vanderbilt Commodores,Vanderbilt,,Vanderbilt,Vanderbilt,Vanderbilt,Vanderbilt,Vanderbilt,Vanderbilt,Vanderbilt Commodores,Vanderbilt,331
VCU Rams,VCU,,VCU,VCU,VCU,VCU,VCU,Virginia Commonwealth,VCU Rams,VCU,332
Vermont Catamounts,Vermont,2314,Vermont,Vermont,Vermont,Vermont,Vermont,Vermont,Vermont Catamounts,Vermont,333
Villanova Wildcats,Villanova,2561,Villanova,Villanova 1,Villanova,Villanova,Villanova,Villanova,Villanova Wildcats,Villanova,334
Virginia Cavaliers,Virginia,2315,Virginia,Virginia 1,Virginia,Virginia,Virginia,Virginia,Virginia Cavaliers,Virginia,335
Virginia Tech Hokies,Virginia Tech,2414,Virginia Tech,Virginia Tech 8,Virginia Tech,Virginia Tech,Virginia Tech,Virginia Tech,Virginia Tech Hokies,Virginia Tech,336
VMI Keydets,VMI,,VMI,VMI,VMI,VMI,VMI,VMI,VMI Keydets,VMI,337
Wagner Seahawks,Wagner,,Wagner,Wagner,Wagner,Wagner,Wagner,Wagner,Wagner Seahawks,Wagner,338
Wake Forest Demon Deacons,Wake Forest,2188,Wake Forest,Wake Forest,Wake Forest,Wake Forest,Wake Forest,Wake Forest,Wake Forest Demon Deacons,Wake Forest,339
Washington Huskies,Washington,,Washington,Washington,Washington,Washington,Washington,Washington,Washington Huskies,Washington,340
Washington St Cougars,Washington St.,,Washington St.,Washington St.,Washington St.,Washington St.,Washington State,Washington State,Washington St Cougars,Washington St.,341
Weber St Wildcats,Weber St.,,Weber St.,Weber St.,Weber St.,Weber St.,Weber State,Weber State,Weber State Wildcats,Weber St.,342
West Virginia Mountaineers,West Virginia,2283,West Virginia,West Virginia 5,West Virginia,West Virginia,West Virginia,West Virginia,West Virginia Mountaineers,West Virginia,343
Western Carolina Catamounts,Western Carolina,,Western Carolina,Western Carolina,Western Carolina,Western Carolina,Western Carolina,Western Carolina,Western Carolina Catamounts,Western Carolina,344
Western Illinois Leathernecks,Western Illinois,,Western Illinois,Western Illinois,Western Illinois,Western Illinois,Western Illinois,Western Illinois,Western Illinois Leathernecks,Western Illinois,345
Western Kentucky Hilltoppers,Western Kentucky,,Western Kentucky,Western Kentucky,Western Kentucky,Western Kentucky,Western Kentucky,Western Kentucky,Western Kentucky Hilltoppers,Western Kentucky,346
Western Michigan Broncos,Western Michigan,,Western Michigan,Western Michigan,Western Michigan,Western Michigan,Western Michigan,Western Michigan,Western Michigan Broncos,Western Michigan,347
Wichita St Shockers,Wichita St.,2374,Wichita St.,Wichita St. 4,Wichita St.,Wichita St.,Wichita State,Wichita State,Wichita St Shockers,Wichita St.,348
William- Mary Tribe,William %26 Mary,,William & Mary,William & Mary,William & Mary,William & Mary,William & Mary,William & Mary,William & Mary Tribe,William & Mary,349
Winthrop Eagles,Winthrop,,Winthrop,Winthrop,Winthrop,Winthrop,Winthrop,Winthrop,Winthrop Eagles,Winthrop,350
Milwaukee Panthers,Milwaukee,,Milwaukee,Milwaukee,Milwaukee,Milwaukee,Milwaukee,Milwaukee,Milwaukee Panthers,Milwaukee,351
Wisconsin Badgers,Wisconsin,2437,Wisconsin,Wisconsin,Wisconsin,Wisconsin,Wisconsin,Wisconsin,Wisconsin Badgers,Wisconsin,352
Wofford Terriers,Wofford,,Wofford,Wofford,Wofford,Wofford,Wofford,Wofford,Wofford Terriers,Wofford,353
Wright St Raiders,Wright St.,,Wright St.,Wright St. 14,Wright St.,Wright St.,Wright State,Wright State,Wright St Raiders,Wright St.,354
Wyoming Cowboys,Wyoming,,Wyoming,Wyoming,Wyoming,Wyoming,Wyoming,Wyoming,Wyoming Cowboys,Wyoming,355
Xavier Musketeers,Xavier,2390,Xavier,Xavier 1,Xavier,Xavier,Xavier,Xavier,Xavier Musketeers,Xavier,356
Yale Bulldogs,Yale,,Yale,Yale,Yale,Yale,Yale,Yale,Yale Bulldogs,Yale,357
Youngstown St Penguins,Youngstown St.,,Youngstown St.,Youngstown St.,Youngstown St.,Youngstown St.,Youngstown State,Youngstown State,Youngstown St Penguins,Youngstown St.,358
Le Moyne Dolphins,Le Moyne,Le Moyne,Le Moyne,Le Moyne,Le Moyne,Le Moyne,Le Moyne,Le Moyne,Le Moyne Dolphins,Le Moyne,359
West Georgia Wolves,West Georgia,West Georgia,West Georgia,West Georgia,West Georgia,West Georgia,West Georgia,West Georgia,West Georgia Wolves,West Georgia,360
Louisiana Ragin Cajuns,Louisiana,Louisiana,Louisiana,Louisiana,Louisiana,Louisiana,Louisiana,Louisiana,Louisiana Ragin C ajuns,Louisiana,361
Mercyhurst Lakers,Mercyhurst,Mercyhurst,Mercyhurst,Mercyhurst,Mercyhurst,Mercyhurst,Mercyhurst,Mercyhurst,Mercyhurst Lakers,Mercyhurst,362
East Texas A&M Lions,Texas A&M Commerce,Texas A&M Commerce,East Texas A&M,Texas A&M Commerce,Texas A&M Commerce,Texas A&M Commerce,Texas A&M Commerce,Texas A&M Commerce,East Texas A&M Lions,Texas A&M Commerce,363
