Full Team Name,University,CoverNumber,PomeroyName,TRankName,OldTRankName,UpdatedTRankName,SportsReference,RevisedSportsReference,FanDuel,BracketMatrix,
Abilene Christian Wildcats,Abilene Christian,,Abilene Christian,Abilene Christian,Abilene Christian,Abilene Christian,Abilene Christian,Abilene Christian,Abilene Christian Wildcats,Abilene Christian,1
Air Force Falcons,Air Force,,Air Force,Air Force,Air Force,Air Force,Air Force,Air Force,Air Force Falcons,Air Force,1
Akron Zips,Akron,,Akron,Akron,Akron,Akron,Akron,Akron,Akron Zips,Akron,1
Alabama Crimson Tide,Alabama,,Alabama,Alabama 9,Alabama,Alabama,Alabama,Alabama,Alabama Crimson Tide,Alabama,1
Alabama AM Bulldogs,Alabama A%26M,,Alabama A&M,Alabama A&M,Alabama A&M,Alabama A&M,Alabama A&M,Alabama A&M,Alabama A&M Bulldogs,Alabama A&M,1
Alabama St Hornets,Alabama St.,,Alabama St.,Alabama St.,Alabama St.,Alabama St.,Alabama State,Alabama State,Alabama St Hornets,Alabama State,1
Albany Great Danes,Albany,2403,Albany,Albany,Albany,Albany,Albany (NY),Albany (NY),Albany Great Danes,Albany,1
Alcorn St Braves,Alcorn St.,,Alcorn St.,Alcorn St.,Alcorn St.,Alcorn St.,Alcorn State,Alcorn State,Alcorn St Braves,Alcorn State,1
American Eagles,American,,American,American,American,American,American,American,American Eagles,American,1
Appalachian St Mountaineers,Appalachian St.,,Appalachian St.,Appalachian St.,Appalachian St.,Appalachian St.,Appalachian State,Appalachian State,Appalachian St Mountaineers,Appalachian State,1
Arizona Wildcats,Arizona,2175,Arizona,Arizona 4,Arizona,Arizona,Arizona,Arizona,Arizona Wildcats,Arizona,1
Arizona State Sun Devils,Arizona St.,,Arizona St.,Arizona St. 11,Arizona St.,Arizona St.,Arizona State,Arizona State,Arizona St Sun Devils,Arizona State,1
Arkansas Razorbacks,Arkansas,,Arkansas,Arkansas 7,Arkansas,Arkansas,Arkansas,Arkansas,Arkansas Razorbacks,Arkansas,1
Arkansas St Red Wolves,Arkansas St.,,Arkansas St.,Arkansas St.,Arkansas St.,Arkansas St.,Arkansas State,Arkansas State,Arkansas St Red Wolves,Arkansas St.,1
Arkansas Pine Bluff Golden Lions,Arkansas Pine Bluff,,Arkansas Pine Bluff,Arkansas Pine Bluff,Arkansas Pine Bluff,Arkansas Pine Bluff,Arkansas-Pine Bluff,Arkansas-Pine Bluff,Arkansas-Pine Bluff Golden Lions,Arkansas Pine Bluff,1
Army Black Knights,Army,,Army,Army,Army,Army,Army,Army,Army Knights,Army,1
Auburn Tigers,Auburn,,Auburn,Auburn 4,Auburn,Auburn,Auburn,Auburn,Auburn Tigers,Auburn,1
Austin Peay Governors,Austin Peay,,Austin Peay,Austin Peay,Austin Peay,Austin Peay,Austin Peay,Austin Peay,Austin Peay Governors,Austin Peay,1
Ball St Cardinals,Ball St.,,Ball St.,Ball St.,Ball St.,Ball St.,Ball State,Ball State,Ball State Cardinals,Ball St.,1
Baylor Bears,Baylor,2446,Baylor,Baylor,Baylor,Baylor,Baylor,Baylor,Baylor Bears,Baylor,1
Belmont Bruins,Belmont,,Belmont,Belmont,Belmont,Belmont,Belmont,Belmont,Belmont Bruins,Belmont,1
Bellarmine knights,Bellarmine,,Bellarmine,Bellarmine,Bellarmine,Bellarmine,Bellarmine,Bellarmine,Bellarmine Knights,Bellarmine,1
Bethune Cookman Wildcats,Bethune Cookman,,Bethune Cookman,Bethune Cookman,Bethune Cookman,Bethune Cookman,Bethune-Cookman,Bethune-Cookman,Bethune-Cookman Wildcats,Bethune Cookman,1
Binghamton Bearcats,Binghamton,2251,Binghamton,Binghamton,Binghamton,Binghamton,Binghamton,Binghamton,Binghamton Bearcats,Binghamton,1
Boise St Broncos,Boise St.,,Boise St.,Boise St.,Boise St.,Boise St.,Boise State,Boise State,Boise State Broncos,Boise St.,1
Boston College Eagles,Boston College,2486,Boston College,Boston College,Boston College,Boston College,Boston College,Boston College,Boston College Eagles,Boston College,1
Boston U Terriers,Boston University,,Boston University,Boston University,Boston University,Boston University,Boston University,Boston University,Boston Univ. Terriers,Boston University,1
Bowling Green Falcons,Bowling Green,,Bowling Green,Bowling Green,Bowling Green,Bowling Green,Bowling Green State,Bowling Green State,Bowling Green Falcons,Bowling Green,1
Bradley Braves,Bradley,,Bradley,Bradley,Bradley,Bradley,Bradley,Bradley,Bradley Braves,Bradley,1
Brigham Young Cougars,BYU,,BYU,BYU,BYU,BYU,BYU,Brigham Young,BYU Cougars,BYU,0
Brown Bears,Brown,,Brown,Brown,Brown,Brown,Brown,Brown,Brown Bears,Brown,1
Bryant Bulldogs,Bryant,,Bryant,Bryant,Bryant,Bryant,Bryant,Bryant,Bryant Bulldogs,Bryant,1
Bucknell Bison,Bucknell,,Bucknell,Bucknell 14,Bucknell,Bucknell,Bucknell,Bucknell,Bucknell Bison,Bucknell,1
Buffalo Bulls,Buffalo,,Buffalo,Buffalo 13,Buffalo,Buffalo,Buffalo,Buffalo,Buffalo Bulls,Buffalo,1
Butler Bulldogs,Butler,2295,Butler,Butler 10,Butler,Butler,Butler,Butler,Butler Bulldogs,Butler,1
Cal Poly SLO Mustangs,Cal Poly,,Cal Poly,Cal Poly,Cal Poly,Cal Poly,Cal Poly,Cal Poly,Cal Poly Mustangs,Cal Poly,1
CSU Fullerton Titans,Cal St. Fullerton,,Cal St. Fullerton,Cal St. Fullerton 15,Cal St. Fullerton,Cal St. Fullerton,Cal State Fullerton,Cal State Fullerton,CSU Fullerton Titans,Cal St. Fullerton,1
CSU Bakersfield Roadrunners,Cal St. Bakersfield,,Cal St. Bakersfield,Cal St. Bakersfield,Cal St. Bakersfield,Cal St. Bakersfield,Cal State Bakersfield,Cal State Bakersfield,CSU Bakersfield Roadrunners,Cal St. Bakersfield,1
California Baptist Lancers,Cal Baptist,Cal Baptist,Cal Baptist,Cal Baptist,Cal Baptist,Cal Baptist,California Baptist,California Baptist,Cal Baptist Lancers,Cal Baptist,1
California Golden Bears,California,,California,California,California,California,California,California,California Golden Bears,California,1
Campbell Fighting Camels,Campbell,,Campbell,Campbell,Campbell,Campbell,Campbell,Campbell,Campbell Fighting Camels,Campbell,1
Canisius Golden Griffins,Canisius,,Canisius,Canisius,Canisius,Canisius,Canisius,Canisius,Canisius Golden Griffins,Canisius,1
Central Arkansas Bears,Central Arkansas,,Central Arkansas,Central Arkansas,Central Arkansas,Central Arkansas,Central Arkansas,Central Arkansas,Central Arkansas Bears,Central Arkansas,1
Central Conn St Blue Devils,Central Connecticut,,Central Connecticut,Central Connecticut,Central Connecticut,Central Connecticut,Central Connecticut,Central Connecticut State,Central Connecticut St Blue Devils,Central Connecticut,0
Central Florida Knights,UCF,2339,UCF,UCF,UCF,UCF,UCF,Central Florida,UCF Knights,UCF,0
Central Michigan Chippewas,Central Michigan,,Central Michigan,Central Michigan,Central Michigan,Central Michigan,Central Michigan,Central Michigan,Central Michigan Chippewas,Central Michigan,1
Charleston Cougars,College of Charleston,,Charleston,College of Charleston,Charleston,College of Charleston,College of Charleston,College of Charleston,Charleston Cougars,College of Charleston,1
Charleston Southern Buccaneers,Charleston Southern,,Charleston Southern,Charleston Southern,Charleston Southern,Charleston Southern,Charleston Southern,Charleston Southern,Charleston Southern Buccaneers,Charleston Southern,1
Charlotte 49ers,Charlotte,,Charlotte,Charlotte,Charlotte,Charlotte,Charlotte,Charlotte,Charlotte 49ers,Charlotte,1
Chattanooga Mocs,Chattanooga,,Chattanooga,Chattanooga,Chattanooga,Chattanooga,Chattanooga,Chattanooga,Chattanooga Mocs,Chattanooga,1
Chicago St Cougars,Chicago St.,,Chicago St.,Chicago St.,Chicago St.,Chicago St.,Chicago State,Chicago State,Chicago St Cougars,Chicago St.,1
Cincinnati Bearcats,Cincinnati,2244,Cincinnati,Cincinnati 2,Cincinnati,Cincinnati,Cincinnati,Cincinnati,Cincinnati Bearcats,Cincinnati,1
Clemson Tigers,Clemson,2466,Clemson,Clemson 5,Clemson,Clemson,Clemson,Clemson,Clemson Tigers,Clemson,1
Cleveland St Vikings,Cleveland St.,,Cleveland St.,Cleveland St.,Cleveland St.,Cleveland St.,Cleveland State,Cleveland State,Cleveland St Vikings,Cleveland St.,1
Coastal Carolina Chanticleers,Coastal Carolina,,Coastal Carolina,Coastal Carolina,Coastal Carolina,Coastal Carolina,Coastal Carolina,Coastal Carolina,Coastal Carolina Chanticleers,Coastal Carolina,1
Colgate Raiders,Colgate,,Colgate,Colgate,Colgate,Colgate,Colgate,Colgate,Colgate Raiders,Colgate,1
Colorado Buffaloes,Colorado,,Colorado,Colorado,Colorado,Colorado,Colorado,Colorado,Colorado Buffaloes,Colorado,1
Colorado St Rams,Colorado St.,,Colorado St.,Colorado St.,Colorado St.,Colorado St.,Colorado State,Colorado State,Colorado St Rams,Colorado State,1
Columbia Lions,Columbia,,Columbia,Columbia,Columbia,Columbia,Columbia,Columbia,Columbia Lions,Columbia,1
Connecticut Huskies,Connecticut,,Connecticut,Connecticut,Connecticut,Connecticut,UConn,Connecticut,UConn Huskies,Connecticut,0
Coppin St Eagles,Coppin St.,,Coppin St.,Coppin St.,Coppin St.,Coppin St.,Coppin State,Coppin State,Coppin St Eagles,Coppin St.,1
Cornell Big Red,Cornell,,Cornell,Cornell,Cornell,Cornell,Cornell,Cornell,Cornell Big Red,Cornell,1
Creighton Bluejays,Creighton,2495,Creighton,Creighton 8,Creighton,Creighton,Creighton,Creighton,Creighton Bluejays,Creighton,1
CSU Northridge Matadors,Cal St. Northridge,,Cal St. Northridge,Cal St. Northridge,Cal St. Northridge,Cal St. Northridge,Cal State Northridge,Cal State Northridge,CSU Northridge Matadors,Cal St. Northridge,1
Dartmouth Big Green,Dartmouth,,Dartmouth,Dartmouth,Dartmouth,Dartmouth,Dartmouth,Dartmouth,Dartmouth Big Green,Dartmouth,1
Davidson Wildcats,Davidson,,Davidson,Davidson 12,Davidson,Davidson,Davidson,Davidson,Davidson Wildcats,Davidson,1
Dayton Flyers,Dayton,,Dayton,Dayton,Dayton,Dayton,Dayton,Dayton,Dayton Flyers,Dayton,1
Delaware Blue Hens,Delaware,Delaware,Delaware,Delaware,Delaware,Delaware,Delaware,Delaware,Delaware Blue Hens,Delaware,1
Delaware State Hornets,Delaware St.,,Delaware St.,Delaware St.,Delaware St.,Delaware St.,Delaware State,Delaware State,Delaware St Hornets,Delaware St.,1
Denver Pioneers,Denver,,Denver,Denver,Denver,Denver,Denver,Denver,Denver Pioneers,Denver,1
DePaul Blue Demons,DePaul,2182,DePaul,DePaul,DePaul,DePaul,DePaul,DePaul,DePaul Blue Demons,DePaul,1
Detroit Mercy Titans,Detroit,,Detroit Mercy,Detroit,Detroit Mercy,Detroit,Detroit,Detroit Mercy,Detroit Mercy Titans,Detroit,0
Drake Bulldogs,Drake,,Drake,Drake,Drake,Drake,Drake,Drake,Drake Bulldogs,Drake,1
Drexel Dragons,Drexel,,Drexel,Drexel,Drexel,Drexel,Drexel,Drexel,Drexel Dragons,Drexel,1
Duke Blue Devils,Duke,2518,Duke,Duke 2,Duke,Duke,Duke,Duke,Duke Blue Devils,Duke,1
Duquesne Dukes,Duquesne,,Duquesne,Duquesne,Duquesne,Duquesne,Duquesne,Duquesne,Duquesne Dukes,Duquesne,1
East Carolina Pirates,East Carolina,2211,East Carolina,East Carolina,East Carolina,East Carolina,East Carolina,East Carolina,East Carolina Pirates,East Carolina,1
East Tennessee St Buccaneers,East Tennessee St.,,East Tennessee St.,East Tennessee St.,East Tennessee St.,East Tennessee St.,ETSU,East Tennessee State,East Tennessee St Buccaneers,East Tennessee St.,0
Eastern Illinois Panthers,Eastern Illinois,,Eastern Illinois,Eastern Illinois,Eastern Illinois,Eastern Illinois,Eastern Illinois,Eastern Illinois,Eastern Illinois Panthers,Eastern Illinois,1
Eastern Kentucky Colonels,Eastern Kentucky,,Eastern Kentucky,Eastern Kentucky,Eastern Kentucky,Eastern Kentucky,Eastern Kentucky,Eastern Kentucky,Eastern Kentucky Colonels,Eastern Kentucky,1
Eastern Michigan Eagles,Eastern Michigan,,Eastern Michigan,Eastern Michigan,Eastern Michigan,Eastern Michigan,Eastern Michigan,Eastern Michigan,Eastern Michigan Eagles,Eastern Michigan,1
Eastern Washington Eagles,Eastern Washington,,Eastern Washington,Eastern Washington,Eastern Washington,Eastern Washington,Eastern Washington,Eastern Washington,Eastern Washington Eagles,Eastern Washington,1
Elon University Phoenix,Elon,,Elon,Elon,Elon,Elon,Elon,Elon,Elon Phoenix,Elon,1
Evansville Purple Aces,Evansville,,Evansville,Evansville,Evansville,Evansville,Evansville,Evansville,Evansville Purple Aces,Evansville,1
Fairfield Stags,Fairfield,,Fairfield,Fairfield,Fairfield,Fairfield,Fairfield,Fairfield,Fairfield Stags,Fairfield,1
Fairleigh Dickinson Knights,Fairleigh Dickinson,,Fairleigh Dickinson,Fairleigh Dickinson,Fairleigh Dickinson,Fairleigh Dickinson,Fairleigh Dickinson,Fairleigh Dickinson,Fairleigh Dickinson Knights,Fairleigh Dickinson,1
Florida Gators,Florida,,Florida,Florida,Florida,Florida,Florida,Florida,Florida Gators,Florida,1
Florida AM Rattlers,Florida A%26M,,Florida A&M,Florida A&M,Florida A&M,Florida A&M,Florida A&M,Florida A&M,Florida A&M Rattlers,Florida A&M,1
Florida Atlantic Owls,Florida Atlantic,,Florida Atlantic,Florida Atlantic,Florida Atlantic,Florida Atlantic,Florida Atlantic,Florida Atlantic,Florida Atlantic Owls,Florida Atlantic,1
Florida Gulf Coast Eagles,Florida Gulf Coast,,Florida Gulf Coast,Florida Gulf Coast,Florida Gulf Coast,Florida Gulf Coast,Florida Gulf Coast,Florida Gulf Coast,Florida Gulf Coast Eagles,Florida Gulf Coast,1
Florida International Panthers,FIU,,FIU,FIU,FIU,FIU,Florida International,Florida International,Florida Int'l Golden Panthers,FIU,1
Florida State Seminoles,Florida St.,2261,Florida St.,Florida St. 9,Florida St.,Florida St.,Florida State,Florida State,Florida St Seminoles,Florida State,1
Fordham Rams,Fordham,,Fordham,Fordham,Fordham,Fordham,Fordham,Fordham,Fordham Rams,Fordham,1
Fresno St Bulldogs,Fresno St.,,Fresno St.,Fresno St.,Fresno St.,Fresno St.,Fresno State,Fresno State,Fresno St Bulldogs,Fresno St.,1
Furman Paladins,Furman,,Furman,Furman,Furman,Furman,Furman,Furman,Furman Paladins,Furman,1
Gardner Webb Runnin Bulldogs,Gardner Webb,,Gardner Webb,Gardner Webb,Gardner Webb,Gardner Webb,Gardner-Webb,Gardner-Webb,Gardner-Webb Bulldogs,Gardner Webb,1
George Mason Patriots,George Mason,,George Mason,George Mason,George Mason,George Mason,George Mason,George Mason,George Mason Patriots,George Mason,1
George Washington Revolutionaries,George Washington,,George Washington,George Washington,George Washington,George Washington,George Washington,George Washington,George Washington Colonials,George Washington,1
Georgetown Hoyas,Georgetown,2316,Georgetown,Georgetown,Georgetown,Georgetown,Georgetown,Georgetown,Georgetown Hoyas,Georgetown,1
Georgia Bulldogs,Georgia,,Georgia,Georgia,Georgia,Georgia,Georgia,Georgia,Georgia Bulldogs,Georgia,1
Georgia Southern Eagles,Georgia Southern,,Georgia Southern,Georgia Southern,Georgia Southern,Georgia Southern,Georgia Southern,Georgia Southern,Georgia Southern Eagles,Georgia Southern,1
Georgia St Panthers,Georgia St.,,Georgia St.,Georgia St. 15,Georgia St.,Georgia St.,Georgia State,Georgia State,Georgia St Panthers,Georgia St.,1
Georgia Tech Yellow Jackets,Georgia Tech,2259,Georgia Tech,Georgia Tech,Georgia Tech,Georgia Tech,Georgia Tech,Georgia Tech,Georgia Tech Yellow Jackets,Georgia Tech,1
Gonzaga Bulldogs,Gonzaga,,Gonzaga,Gonzaga 4,Gonzaga,Gonzaga,Gonzaga,Gonzaga,Gonzaga Bulldogs,Gonzaga,1
Grambling State Tigers,Grambling St.,,Grambling St.,Grambling St.,Grambling St.,Grambling St.,Grambling,Grambling,Grambling St Tigers,Grambling St.,1
Grand Canyon Lopes,Grand Canyon,,Grand Canyon,Grand Canyon,Grand Canyon,Grand Canyon,Grand Canyon,Grand Canyon,Grand Canyon Antelopes,Grand Canyon,1
Green Bay Phoenix,Green Bay,,Green Bay,Green Bay,Green Bay,Green Bay,Green Bay,Green Bay,Green Bay Phoenix,Green Bay,1
Hampton Pirates,Hampton,,Hampton,Hampton,Hampton,Hampton,Hampton,Hampton,Hampton Pirates,Hampton,1
Harvard Crimson,Harvard,,Harvard,Harvard,Harvard,Harvard,Harvard,Harvard,Harvard Crimson,Harvard,1
Hawaii Rainbow Warriors,Hawaii,,Hawaii,Hawaii,Hawaii,Hawaii,Hawaii,Hawaii,Hawai'i Rainbow Warriors,Hawaii,1
High Point Panthers,High Point,,High Point,High Point,High Point,High Point,High Point,High Point,High Point Panthers,High Point,1
Hofstra Pride,Hofstra,,Hofstra,Hofstra,Hofstra,Hofstra,Hofstra,Hofstra,Hofstra Pride,Hofstra,1
Holy Cross Crusaders,Holy Cross,,Holy Cross,Holy Cross,Holy Cross,Holy Cross,Holy Cross,Holy Cross,Holy Cross Crusaders,Holy Cross,1
Houston Cougars,Houston,2515,Houston,Houston 6,Houston,Houston,Houston,Houston,Houston Cougars,Houston,1
Houston Christian Huskies,Houston Christian,Houston Christian,Houston Christian,Houston Christian,Houston Christian,Houston Christian,Houston Christian,Houston Christian,Houston Baptist Huskies,Houston Christian,1
Howard Bison,Howard,,Howard,Howard,Howard,Howard,Howard,Howard,Howard Bison,Howard,1
Idaho Vandals,Idaho,,Idaho,Idaho,Idaho,Idaho,Idaho,Idaho,Idaho Vandals,Idaho,1
Idaho State Bengals,Idaho St.,,Idaho St.,Idaho St.,Idaho St.,Idaho St.,Idaho State,Idaho State,Idaho State Bengals,Idaho St.,1
Illinois Fighting Illini,Illinois,2264,Illinois,Illinois,Illinois,Illinois,Illinois,Illinois,Illinois Fighting Illini,Illinois,1
Illinois St Redbirds,Illinois St.,,Illinois St.,Illinois St.,Illinois St.,Illinois St.,Illinois State,Illinois State,Illinois St Redbirds,Illinois St.,1
Illinois-Chicago Flames,Illinois Chicago,,Illinois Chicago,Illinois Chicago,Illinois Chicago,Illinois Chicago,UIC,Illinois-Chicago,UIC Flames,Illinois Chicago,0
Incarnate Word Cardinals,Incarnate Word,,Incarnate Word,Incarnate Word,Incarnate Word,Incarnate Word,Incarnate Word,Incarnate Word,Incarnate Word Cardinals,Incarnate Word,1
Indiana Hoosiers,Indiana,2481,Indiana,Indiana,Indiana,Indiana,Indiana,Indiana,Indiana Hoosiers,Indiana,1
IU Indy Jaguars,IUPUI,,IU Indy,IUPUI,IU Indy,IUPUI,IUPUI,IUPUI,IUPUI Jaguars,IUPUI,1
Indiana St Sycamores,Indiana St.,,Indiana St.,Indiana St.,Indiana St.,Indiana St.,Indiana State,Indiana State,Indiana St Sycamores,Indiana State,1
Iona Gaels,Iona,,Iona,Iona 15,Iona,Iona,Iona,Iona,Iona Gaels,Iona,1
Iowa Hawkeyes,Iowa,2196,Iowa,Iowa,Iowa,Iowa,Iowa,Iowa,Iowa Hawkeyes,Iowa,1
Iowa State Cyclones,Iowa St.,2513,Iowa St.,Iowa St.,Iowa St.,Iowa St.,Iowa State,Iowa State,Iowa State Cyclones,Iowa State,1
Purdue Fort Wayne Mastodons,Fort Wayne,,Purdue Fort Wayne,Fort Wayne,Purdue Fort Wayne,Fort Wayne,Purdue-Fort Wayne,Purdue-Fort Wayne,Fort Wayne Mastodons,Purdue-Fort Wayne,1
Jackson State Tigers,Jackson St.,,Jackson St.,Jackson St.,Jackson St.,Jackson St.,Jackson State,Jackson State,Jackson St Tigers,Jackson St.,1
Jacksonville Dolphins,Jacksonville,,Jacksonville,Jacksonville,Jacksonville,Jacksonville,Jacksonville,Jacksonville,Jacksonville Dolphins,Jacksonville,1
Jacksonville St Gamecocks,Jacksonville St.,,Jacksonville St.,Jacksonville St.,Jacksonville St.,Jacksonville St.,Jacksonville State,Jacksonville State,Jacksonville St Gamecocks,Jacksonville St.,1
James Madison Dukes,James Madison,,James Madison,James Madison,James Madison,James Madison,James Madison,James Madison,James Madison Dukes,James Madison,1
Kansas Jayhawks,Kansas,2507,Kansas,Kansas 1,Kansas,Kansas,Kansas,Kansas,Kansas Jayhawks,Kansas,1
Kansas State Wildcats,Kansas St.,2311,Kansas St.,Kansas St. 9,Kansas St.,Kansas St.,Kansas State,Kansas State,Kansas St Wildcats,Kansas State,1
Kennesaw St Owls,Kennesaw St.,,Kennesaw St.,Kennesaw St.,Kennesaw St.,Kennesaw St.,Kennesaw State,Kennesaw State,Kennesaw St Owls,Kennesaw St.,1
Kent St Golden Flashes,Kent St.,,Kent St.,Kent St.,Kent St.,Kent St.,Kent State,Kent State,Kent State Golden Flashes,Kent St.,1
Kentucky Wildcats,Kentucky,,Kentucky,Kentucky 5,Kentucky,Kentucky,Kentucky,Kentucky,Kentucky Wildcats,Kentucky,1
La Salle Explorers,La Salle,,La Salle,La Salle,La Salle,La Salle,La Salle,La Salle,La Salle Explorers,La Salle,1
Lafayette Leopards,Lafayette,,Lafayette,Lafayette,Lafayette,Lafayette,Lafayette,Lafayette,Lafayette Leopards,Lafayette,1
Lamar Cardinals,Lamar,,Lamar,Lamar,Lamar,Lamar,Lamar,Lamar,Lamar Cardinals,Lamar,1
Lehigh Mountain Hawks,Lehigh,,Lehigh,Lehigh,Lehigh,Lehigh,Lehigh,Lehigh,Lehigh Mountain Hawks,Lehigh,1
Liberty Flames,Liberty,,Liberty,Liberty,Liberty,Liberty,Liberty,Liberty,Liberty Flames,Liberty,1
Lindenwood Lions,Lindenwood,,Lindenwood,Lindenwood,Lindenwood,Lindenwood,Lindenwood,Lindenwood,Lindenwood Lions,Lindenwood,
Lipscomb Bisons,Lipscomb,,Lipscomb,Lipscomb 15,Lipscomb,Lipscomb,Lipscomb,Lipscomb,Lipscomb Bisons,Lipscomb,1
Little Rock Trojans,Little Rock,,Little Rock,Little Rock,Little Rock,Little Rock,Little Rock,Little Rock,Arkansas-Little Rock Trojans,Little Rock,1
LIU Sharks,LIU Brooklyn,,LIU,LIU Brooklyn 16,LIU,LIU Brooklyn,LIU,Long Island University,LIU Sharks,LIU Brooklyn,0
Long Beach St Beach,Long Beach St.,,Long Beach St.,Long Beach St.,Long Beach St.,Long Beach St.,Long Beach State,Long Beach State,Long Beach St 49ers,Long Beach St.,0
Longwood Lancers,Longwood,,Longwood,Longwood,Longwood,Longwood,Longwood,Longwood,Longwood Lancers,Longwood,1
UL Monroe Warhawks,Louisiana Monroe,,Louisiana Monroe,Louisiana Monroe,Louisiana Monroe,Louisiana Monroe,Louisiana-Monroe,Louisiana-Monroe,UL Monroe Warhawks,Louisiana Monroe,1
Louisiana State Tigers,LSU,,LSU,LSU,LSU,LSU,LSU,Louisiana State,LSU Tigers,LSU,0
Louisiana Tech Bulldogs,Louisiana Tech,,Louisiana Tech,Louisiana Tech,Louisiana Tech,Louisiana Tech,Louisiana Tech,Louisiana Tech,Louisiana Tech Bulldogs,Louisiana Tech,1
Louisville Cardinals,Louisville,2496,Louisville,Louisville,Louisville,Louisville,Louisville,Louisville,Louisville Cardinals,Louisville,1
Loyola Marymount Lions,Loyola Marymount,,Loyola Marymount,Loyola Marymount,Loyola Marymount,Loyola Marymount,Loyola Marymount,Loyola Marymount,Loyola Marymount Lions,Loyola Marymount,1
Loyola Chicago Ramblers,Loyola Chicago,,Loyola Chicago,Loyola Chicago 11,Loyola Chicago,Loyola Chicago,Loyola (IL),Loyola (IL),Loyola (Chi) Ramblers,Loyola Chicago,1
Loyola Md Greyhounds,Loyola MD,,Loyola MD,Loyola MD,Loyola MD,Loyola MD,Loyola (MD),Loyola (MD),Loyola (MD) Greyhounds,Loyola MD,1
Maine Black Bears,Maine,2185,Maine,Maine,Maine,Maine,Maine,Maine,Maine Black Bears,Maine,1
Manhattan Jaspers,Manhattan,,Manhattan,Manhattan,Manhattan,Manhattan,Manhattan,Manhattan,Manhattan Jaspers,Manhattan,1
Marist Red Foxes,Marist,,Marist,Marist,Marist,Marist,Marist,Marist,Marist Red Foxes,Marist,1
Marquette Golden Eagles,Marquette,2406,Marquette,Marquette,Marquette,Marquette,Marquette,Marquette,Marquette Golden Eagles,Marquette,1
Marshall Thundering Herd,Marshall,,Marshall,Marshall 13,Marshall,Marshall,Marshall,Marshall,Marshall Thundering Herd,Marshall,1
Maryland Terrapins,Maryland,,Maryland,Maryland,Maryland,Maryland,Maryland,Maryland,Maryland Terrapins,Maryland,1
Maryland Eastern Shore Hawks,Maryland Eastern Shore,2174,Maryland Eastern Shore,Maryland Eastern Shore,Maryland Eastern Shore,Maryland Eastern Shore,Maryland-Eastern Shore,Maryland-Eastern Shore,Maryland-Eastern Shore Hawks,Maryland Eastern Shore,1
Massachusetts Minutemen,Massachusetts,,Massachusetts,Massachusetts,Massachusetts,Massachusetts,UMass,Massachusetts,Massachusetts Minutemen,Massachusetts,0
Massachusetts Lowell River Hawks,UMass Lowell,665710,UMass Lowell,UMass Lowell,UMass Lowell,UMass Lowell,UMass-Lowell,Massachusetts-Lowell,UMass Lowell River Hawks,UMass Lowell,0
McNeese St Cowboys,McNeese St.,,McNeese,McNeese St.,McNeese St.,McNeese St.,McNeese State,McNeese State,McNeese Cowboys,McNeese State,1
UMBC Retrievers,UMBC,2411,UMBC,UMBC 16,UMBC,UMBC,UMBC,Maryland-Baltimore County,UMBC Retrievers,UMBC,0
Memphis Tigers,Memphis,2204,Memphis,Memphis,Memphis,Memphis,Memphis,Memphis,Memphis Tigers,Memphis,1
Merrimack Warriors,Merrimack,,Merrimack,Merrimack,Merrimack,Merrimack,Merrimack,Merrimack,Merrimack Warriors,Merrimack,1
Mercer Bears,Mercer,,Mercer,Mercer,Mercer,Mercer,Mercer,Mercer,Mercer Bears,Mercer,1
Miami OH RedHawks,Miami OH,,Miami OH,Miami OH,Miami OH,Miami OH,Miami (OH),Miami (OH),Miami (OH) RedHawks,Miami OH,1
Miami Hurricanes,Miami FL,2494,Miami FL,Miami FL 6,Miami FL,Miami FL,Miami (FL),Miami (FL),Miami Hurricanes,Miami (FLA.),1
Michigan Wolverines,Michigan,2323,Michigan,Michigan 3,Michigan,Michigan,Michigan,Michigan,Michigan Wolverines,Michigan,1
Michigan St Spartans,Michigan St.,2180,Michigan St.,Michigan St. 3,Michigan St.,Michigan St.,Michigan State,Michigan State,Michigan St Spartans,Michigan State,1
Middle Tennessee St Blue Raiders,Middle Tennessee,,Middle Tennessee,Middle Tennessee,Middle Tennessee,Middle Tennessee,Middle Tennessee,Middle Tennessee,Middle Tennessee Blue Raiders,Middle Tennessee,1
Minnesota Golden Gophers,Minnesota,2412,Minnesota,Minnesota,Minnesota,Minnesota,Minnesota,Minnesota,Minnesota Golden Gophers,Minnesota,1
Mississippi Rebels,Mississippi,,Mississippi,Mississippi,Mississippi,Mississippi,Ole Miss,Mississippi,Ole Miss Rebels,Mississippi,0
Mississippi State Bulldogs,Mississippi St.,,Mississippi St.,Mississippi St.,Mississippi St.,Mississippi St.,Mississippi State,Mississippi State,Mississippi St Bulldogs,Mississippi State,1
Mississippi Valley State Delta Devils,Mississippi Valley St.,,Mississippi Valley St.,Mississippi Valley St.,Mississippi Valley St.,Mississippi Valley St.,Mississippi Valley State,Mississippi Valley State,Miss Valley St Delta Devils,Mississippi Valley St.,1
Missouri Tigers,Missouri,,Missouri,Missouri 8,Missouri,Missouri,Missouri,Missouri,Missouri Tigers,Missouri,1
Missouri St Bears,Missouri St.,,Missouri St.,Missouri St.,Missouri St.,Missouri St.,Missouri State,Missouri State,Missouri St Bears,Missouri St.,1
Monmouth-NJ Hawks,Monmouth,,Monmouth,Monmouth,Monmouth,Monmouth,Monmouth,Monmouth,Monmouth Hawks,Monmouth,1
Montana Grizzlies,Montana,,Montana,Montana 14,Montana,Montana,Montana,Montana,Montana Grizzlies,Montana,1
Montana St Bobcats,Montana St.,,Montana St.,Montana St.,Montana St.,Montana St.,Montana State,Montana State,Montana St Bobcats,Montana St.,1
Morehead St Eagles,Morehead St.,,Morehead St.,Morehead St.,Morehead St.,Morehead St.,Morehead State,Morehead State,Morehead St Eagles,Morehead State,1
Morgan St Bears,Morgan St.,,Morgan St.,Morgan St.,Morgan St.,Morgan St.,Morgan State,Morgan State,Morgan St Bears,Morgan St.,1
Mount St Marys Mountaineers,Mount St. Mary%27s,,Mount St. Mary's,Mount St. Mary's,Mount St. Mary's,Mount St. Mary's,Mount St. Mary's,Mount St. Mary's,Mt. St. Mary's Mountaineers,Mount St. Mary's,1
Murray St Racers,Murray St.,,Murray St.,Murray St. 12,Murray St.,Murray St.,Murray State,Murray State,Murray St Racers,Murray St.,1
Navy Midshipmen,Navy,,Navy,Navy,Navy,Navy,Navy,Navy,Navy Midshipmen,Navy,1
NC State Wolfpack,North Carolina St.,,N.C. State,North Carolina St.,N.C. State,North Carolina St.,NC State,NC State,NC State Wolfpack,North Carolina St.,1
UNC Asheville Bulldogs,UNC Asheville,,UNC Asheville,UNC Asheville,UNC Asheville,UNC Asheville,UNC Asheville,UNC Asheville,UNC Asheville Bulldogs,UNC Asheville,1
UNC Greensboro Spartans,UNC Greensboro,,UNC Greensboro,UNC Greensboro 13,UNC Greensboro,UNC Greensboro,UNC Greensboro,UNC Greensboro,UNC Greensboro Spartans,UNC Greensboro,1
UNC Wilmington Seahawks,UNC Wilmington,,UNC Wilmington,UNC Wilmington,UNC Wilmington,UNC Wilmington,UNC Wilmington,UNC Wilmington,UNC Wilmington Seahawks,NC-Wilmington,1
Nebraska Cornhuskers,Nebraska,,Nebraska,Nebraska,Nebraska,Nebraska,Nebraska,Nebraska,Nebraska Cornhuskers,Nebraska,1
Nebraska Omaha Mavericks,Nebraska Omaha,2546,Nebraska Omaha,Nebraska Omaha,Nebraska Omaha,Nebraska Omaha,Omaha,Omaha,Omaha Mavericks,Nebraska Omaha,1
Nevada Wolf Pack,Nevada,,Nevada,Nevada 7,Nevada,Nevada,Nevada,Nevada,Nevada Wolf Pack,Nevada,1
New Hampshire Wildcats,New Hampshire,2286,New Hampshire,New Hampshire,New Hampshire,New Hampshire,New Hampshire,New Hampshire,New Hampshire Wildcats,New Hampshire,1
NJIT Highlanders,NJIT,,NJIT,NJIT,NJIT,NJIT,NJIT,NJIT,NJIT Highlanders,NJIT,1
New Mexico Lobos,New Mexico,,New Mexico,New Mexico,New Mexico,New Mexico,New Mexico,New Mexico,New Mexico Lobos,New Mexico,1
New Mexico St Aggies,New Mexico St.,,New Mexico St.,New Mexico St. 12,New Mexico St.,New Mexico St.,New Mexico State,New Mexico State,New Mexico St Aggies,New Mexico St.,1
New Orleans Privateers,New Orleans,,New Orleans,New Orleans,New Orleans,New Orleans,New Orleans,New Orleans,New Orleans Privateers,New Orleans,1
Niagara Purple Eagles,Niagara,,Niagara,Niagara,Niagara,Niagara,Niagara,Niagara,Niagara Purple Eagles,Niagara,1
Nicholls State Colonels,Nicholls St.,,Nicholls,Nicholls St.,Nicholls St.,Nicholls St.,Nicholls State,Nicholls State,Nicholls St Colonels,Nicholls St.,1
North Carolina AT Aggies,North Carolina A%26T,,North Carolina A&T,North Carolina A&T,North Carolina A&T,North Carolina A&T,North Carolina A&T,North Carolina A&T,North Carolina A&T Aggies,North Carolina A&T,1
Norfolk State Spartans,Norfolk St.,,Norfolk St.,Norfolk St.,Norfolk St.,Norfolk St.,Norfolk State,Norfolk State,Norfolk St Spartans,Norfolk State,1
North Alabama Lions,North Alabama,North Alabama,North Alabama,North Alabama,North Alabama,North Alabama,North Alabama,North Alabama,North Alabama Lions,North Alabama,1
North Carolina Tar Heels,North Carolina,2266,North Carolina,North Carolina 2,North Carolina,North Carolina,UNC,North Carolina,North Carolina Tar Heels,North Carolina,0
North Carolina Central Eagles,North Carolina Central,,North Carolina Central,North Carolina Central 16,North Carolina Central,North Carolina Central,North Carolina Central,North Carolina Central,North Carolina Central Eagles,North Carolina Central,1
North Dakota Fighting Hawks,North Dakota,,North Dakota,North Dakota,North Dakota,North Dakota,North Dakota,North Dakota,North Dakota Fighting Hawks,North Dakota,1
North Dakota State Bison,North Dakota St.,,North Dakota St.,North Dakota St.,North Dakota St.,North Dakota St.,North Dakota State,North Dakota State,North Dakota St Bison,North Dakota St.,1
North Florida Ospreys,North Florida,,North Florida,North Florida,North Florida,North Florida,North Florida,North Florida,North Florida Ospreys,North Florida,1
North Texas Mean Green,North Texas,,North Texas,North Texas,North Texas,North Texas,North Texas,North Texas,North Texas Mean Green,North Texas,1
Northeastern Huskies,Northeastern,,Northeastern,Northeastern,Northeastern,Northeastern,Northeastern,Northeastern,Northeastern Huskies,Northeastern,1
Northern Arizona Lumberjacks,Northern Arizona,,Northern Arizona,Northern Arizona,Northern Arizona,Northern Arizona,Northern Arizona,Northern Arizona,Northern Arizona Lumberjacks,Northern Arizona,1
Northern Colorado Bears,Northern Colorado,,Northern Colorado,Northern Colorado,Northern Colorado,Northern Colorado,Northern Colorado,Northern Colorado,N Colorado Bears,Northern Colorado,1
Northern Illinois Huskies,Northern Illinois,,Northern Illinois,Northern Illinois,Northern Illinois,Northern Illinois,Northern Illinois,Northern Illinois,Northern Illinois Huskies,Northern Illinois,1
Northern Iowa Panthers,Northern Iowa,,Northern Iowa,Northern Iowa,Northern Iowa,Northern Iowa,Northern Iowa,Northern Iowa,Northern Iowa Panthers,Northern Iowa,1
Northern Kentucky Norse,Northern Kentucky,,Northern Kentucky,Northern Kentucky,Northern Kentucky,Northern Kentucky,Northern Kentucky,Northern Kentucky,Northern Kentucky Norse,Northern Kentucky,1
Northwestern Wildcats,Northwestern,,Northwestern,Northwestern,Northwestern,Northwestern,Northwestern,Northwestern,Northwestern Wildcats,Northwestern,1
Northwestern St Demons,Northwestern St.,2216,Northwestern St.,Northwestern St.,Northwestern St.,Northwestern St.,Northwestern State,Northwestern State,Northwestern St Demons,Northwestern St.,1
Notre Dame Fighting Irish,Notre Dame,2285,Notre Dame,Notre Dame,Notre Dame,Notre Dame,Notre Dame,Notre Dame,Notre Dame Fighting Irish,Notre Dame,1
Oakland Golden Grizzlies,Oakland,,Oakland,Oakland,Oakland,Oakland,Oakland,Oakland,Oakland Golden Grizzlies,Oakland,1
Ohio Bobcats,Ohio,,Ohio,Ohio,Ohio,Ohio,Ohio,Ohio,Ohio Bobcats,Ohio,1
Ohio St Buckeyes,Ohio St.,2500,Ohio St.,Ohio St. 5,Ohio St.,Ohio St.,Ohio State,Ohio State,Ohio State Buckeyes,Ohio State,1
Oklahoma Sooners,Oklahoma,2178,Oklahoma,Oklahoma 10,Oklahoma,Oklahoma,Oklahoma,Oklahoma,Oklahoma Sooners,Oklahoma,1
Oklahoma State Cowboys,Oklahoma St.,2243,Oklahoma St.,Oklahoma St.,Oklahoma St.,Oklahoma St.,Oklahoma State,Oklahoma State,Oklahoma St Cowboys,Oklahoma State,1
Old Dominion Monarchs,Old Dominion,,Old Dominion,Old Dominion,Old Dominion,Old Dominion,Old Dominion,Old Dominion,Old Dominion Monarchs,Old Dominion,1
Oral Roberts Golden Eagles,Oral Roberts,,Oral Roberts,Oral Roberts,Oral Roberts,Oral Roberts,Oral Roberts,Oral Roberts,Oral Roberts Golden Eagles,Oral Roberts,1
Oregon Ducks,Oregon,,Oregon,Oregon,Oregon,Oregon,Oregon,Oregon,Oregon Ducks,Oregon,1
Oregon St Beavers,Oregon St.,,Oregon St.,Oregon St.,Oregon St.,Oregon St.,Oregon State,Oregon State,Oregon St Beavers,Oregon St.,1
Pacific Tigers,Pacific,,Pacific,Pacific,Pacific,Pacific,Pacific,Pacific,Pacific Tigers,Pacific,1
Penn St Nittany Lions,Penn St.,2501,Penn St.,Penn St.,Penn St.,Penn St.,Penn State,Penn State,Penn State Nittany Lions,Penn St.,1
Pennsylvania Quakers,Penn,,Penn,Penn 16,Penn,Penn,Penn,Pennsylvania,Pennsylvania Quakers,Penn,0
Pepperdine Waves,Pepperdine,,Pepperdine,Pepperdine,Pepperdine,Pepperdine,Pepperdine,Pepperdine,Pepperdine Waves,Pepperdine,1
Pittsburgh Panthers,Pittsburgh,2279,Pittsburgh,Pittsburgh,Pittsburgh,Pittsburgh,Pitt,Pittsburgh,Pittsburgh Panthers,Pittsburgh,0
Portland Pilots,Portland,,Portland,Portland,Portland,Portland,Portland,Portland,Portland Pilots,Portland,1
Portland St Vikings,Portland St.,,Portland St.,Portland St.,Portland St.,Portland St.,Portland State,Portland State,Portland St Vikings,Portland State,1
Prairie View AM Panthers,Prairie View A%26M,,Prairie View A&M,Prairie View A&M,Prairie View A&M,Prairie View A&M,Prairie View,Prairie View,Prairie View Panthers,Prairie View A&M,1
Presbyterian Blue Hose,Presbyterian,,Presbyterian,Presbyterian,Presbyterian,Presbyterian,Presbyterian,Presbyterian,Presbyterian Blue Hose,Presbyterian,1
Princeton Tigers,Princeton,,Princeton,Princeton,Princeton,Princeton,Princeton,Princeton,Princeton Tigers,Princeton,1
Providence Friars,Providence,2301,Providence,Providence 10,Providence,Providence,Providence,Providence,Providence Friars,Providence,1
Purdue Boilermakers,Purdue,2294,Purdue,Purdue 2,Purdue,Purdue,Purdue,Purdue,Purdue Boilermakers,Purdue,1
Queens university of charlotte royals,Queens,,Queens,Queens,Queens,Queens,Queens (NC),Queens (NC),Queens University Royals,Queens,
Quinnipiac Bobcats,Quinnipiac,,Quinnipiac,Quinnipiac,Quinnipiac,Quinnipiac,Quinnipiac,Quinnipiac,Quinnipiac Bobcats,Quinnipiac,1
Radford Highlanders,Radford,,Radford,Radford 16,Radford,Radford,Radford,Radford,Radford Highlanders,Radford,1
Rhode Island Rams,Rhode Island,,Rhode Island,Rhode Island 7,Rhode Island,Rhode Island,Rhode Island,Rhode Island,Rhode Island Rams,Rhode Island,1
Rice Owls,Rice,,Rice,Rice,Rice,Rice,Rice,Rice,Rice Owls,Rice,1
Richmond Spiders,Richmond,,Richmond,Richmond,Richmond,Richmond,Richmond,Richmond,Richmond Spiders,Richmond,1
Rider Broncs,Rider,,Rider,Rider,Rider,Rider,Rider,Rider,Rider Broncs,Rider,1
Robert Morris Colonials,Robert Morris,,Robert Morris,Robert Morris,Robert Morris,Robert Morris,Robert Morris,Robert Morris,Robert Morris Colonials,Robert Morris,1
Rutgers Scarlet Knights,Rutgers,2210,Rutgers,Rutgers,Rutgers,Rutgers,Rutgers,Rutgers,Rutgers Scarlet Knights,Rutgers,1
Sacramento State Hornets,Sacramento St.,,Sacramento St.,Sacramento St.,Sacramento St.,Sacramento St.,Sacramento State,Sacramento State,Sacramento St Hornets,Sacramento St.,1
Sacred Heart Pioneers,Sacred Heart,,Sacred Heart,Sacred Heart,Sacred Heart,Sacred Heart,Sacred Heart,Sacred Heart,Sacred Heart Pioneers,Sacred Heart,1
Saint Louis Billikens,Saint Louis,,Saint Louis,Saint Louis,Saint Louis,Saint Louis,Saint Louis,Saint Louis,Saint Louis Billikens,Saint Louis,1
Sam Houston St Bearkats,Sam Houston St.,,Sam Houston St.,Sam Houston St.,Sam Houston St.,Sam Houston St.,Sam Houston State,Sam Houston State,Sam Houston St Bearkats,Sam Houston St.,1
Samford Bulldogs,Samford,,Samford,Samford,Samford,Samford,Samford,Samford,Samford Bulldogs,Samford,1
San Diego Toreros,San Diego,,San Diego,San Diego,San Diego,San Diego,San Diego,San Diego,San Diego Toreros,San Diego,1
San Diego St Aztecs,San Diego St.,,San Diego St.,San Diego St. 11,San Diego St.,San Diego St.,San Diego State,San Diego State,San Diego St Aztecs,San Diego State,1
San Francisco Dons,San Francisco,,San Francisco,San Francisco,San Francisco,San Francisco,San Francisco,San Francisco,San Francisco Dons,San Francisco,1
San Jose St Spartans,San Jose St.,,San Jose St.,San Jose St.,San Jose St.,San Jose St.,San Jose State,San Jose State,San José St Spartans,San Jose St.,1
Santa Clara Broncos,Santa Clara,,Santa Clara,Santa Clara,Santa Clara,Santa Clara,Santa Clara,Santa Clara,Santa Clara Broncos,Santa Clara,1
SE Missouri St Redhawks,Southeast Missouri St.,,Southeast Missouri,Southeast Missouri St.,Southeast Missouri St.,Southeast Missouri St.,Southeast Missouri State,Southeast Missouri State,SE Missouri St Redhawks,Southeast Missouri St.,1
Seattle Redhawks,Seattle,,Seattle,Seattle,Seattle,Seattle,Seattle,Seattle,Seattle Redhawks,Seattle,1
Seton Hall Pirates,Seton Hall,2300,Seton Hall,Seton Hall 8,Seton Hall,Seton Hall,Seton Hall,Seton Hall,Seton Hall Pirates,Seton Hall,1
Siena Saints,Siena,,Siena,Siena,Siena,Siena,Siena,Siena,Siena Saints,Siena,1
SIU Edwardsville Cougars,SIU Edwardsville,,SIU Edwardsville,SIU Edwardsville,SIU Edwardsville,SIU Edwardsville,SIU-Edwardsville,SIU Edwardsville,SIU-Edwardsville Cougars,SIU Edwardsville,0
South Alabama Jaguars,South Alabama,,South Alabama,South Alabama,South Alabama,South Alabama,South Alabama,South Alabama,South Alabama Jaguars,South Alabama,1
South Carolina Gamecocks,South Carolina,,South Carolina,South Carolina,South Carolina,South Carolina,South Carolina,South Carolina,South Carolina Gamecocks,South Carolina,1
South Carolina State Bulldogs,South Carolina St.,,South Carolina St.,South Carolina St.,South Carolina St.,South Carolina St.,South Carolina State,South Carolina State,South Carolina St Bulldogs,South Carolina St.,1
South Carolina Upstate Spartans,USC Upstate,,USC Upstate,USC Upstate,USC Upstate,USC Upstate,USC Upstate,South Carolina Upstate,South Carolina Upstate Spartans,USC Upstate,0
South Dakota Coyotes,South Dakota,,South Dakota,South Dakota,South Dakota,South Dakota,South Dakota,South Dakota,South Dakota Coyotes,South Dakota,1
South Dakota State Jackrabbits,South Dakota St.,,South Dakota St.,South Dakota St. 12,South Dakota St.,South Dakota St.,South Dakota State,South Dakota State,South Dakota St Jackrabbits,South Dakota State,1
South Florida Bulls,South Florida,2510,South Florida,South Florida,South Florida,South Florida,South Florida,South Florida,South Florida Bulls,South Florida,1
Southeastern Louisiana Lions,Southeastern Louisiana,,Southeastern Louisiana,Southeastern Louisiana,Southeastern Louisiana,Southeastern Louisiana,Southeastern Louisiana,Southeastern Louisiana,SE Louisiana Lions,Southeastern Louisiana,1
Southern Jaguars,Southern,,Southern,Southern,Southern,Southern,Southern,Southern,Southern Jaguars,Southern,1
Southern California Trojans,USC,,USC,USC,USC,USC,USC,Southern California,USC Trojans,USC,0
Southern Illinois Salukis,Southern Illinois,,Southern Illinois,Southern Illinois,Southern Illinois,Southern Illinois,Southern Illinois,Southern Illinois,Southern Illinois Salukis,Southern Illinois,1
Southern Indiana Screaming Eagles,Southern Indiana,Southern Indiana,Southern Indiana,Southern Indiana,Southern Indiana,Southern Indiana,Southern Indiana,Southern Indiana,Southern Indiana Screaming Eagles,Southern Indiana,
Southern Methodist Mustangs,SMU,2349,SMU,SMU,SMU,SMU,SMU,Southern Methodist,SMU Mustangs,SMU,0
Southern Miss Golden Eagles,Southern Miss,,Southern Miss,Southern Miss,Southern Miss,Southern Miss,Southern Miss,Southern Mississippi,Southern Miss Golden Eagles,Southern Miss,0
Southern Utah Thunderbirds,Southern Utah,,Southern Utah,Southern Utah,Southern Utah,Southern Utah,Southern Utah,Southern Utah,Southern Utah Thunderbirds,Southern Utah,1
St Bonaventure Bonnies,St. Bonaventure,,St. Bonaventure,St. Bonaventure 11,St. Bonaventure,St. Bonaventure,St. Bonaventure,St. Bonaventure,St. Bonaventure Bonnies,St. Bonaventure,1
St Francis PA Red Flash,St. Francis PA,,St. Francis PA,St. Francis PA,Saint Francis,St. Francis PA,Saint Francis (PA),Saint Francis (PA),St. Francis (PA) Red Flash,St. Francis PA,1
St Thomas Mn Tommies,St. Thomas,,St. Thomas,St. Thomas,St. Thomas,St. Thomas,St. Thomas (MN),St. Thomas (MN),St. Thomas (MN) Tommies,St. Thomas,1
St Johns Red Storm,St. John%27s,2442,St. John's,St. John's,St. John's,St. John's,St. John's (NY),St. John's (NY),St. John's Red Storm,St. John's,1
Saint Josephs Hawks,Saint Joseph%27s,,Saint Joseph's,Saint Joseph's,Saint Joseph's,Saint Joseph's,St. Joseph's,Saint Joseph's,Saint Joseph's Hawks,Saint Joseph's,0
Saint Marys Gaels,Saint Mary%27s,,Saint Mary's,Saint Mary's,Saint Mary's,Saint Mary's,Saint Mary's,Saint Mary's (CA),Saint Mary's Gaels,Saint Mary's,0
Saint Peters Peacocks,Saint Peter%27s,,Saint Peter's,Saint Peter's,Saint Peter's,Saint Peter's,St. Peter's,Saint Peter's,Saint Peter's Peacocks,Saint Peter's,0
Stanford Cardinal,Stanford,,Stanford,Stanford,Stanford,Stanford,Stanford,Stanford,Stanford Cardinal,Stanford,1
Stephen F Austin Lumberjacks,Stephen F. Austin,,Stephen F. Austin,Stephen F. Austin 14,Stephen F. Austin,Stephen F. Austin,Stephen F. Austin,Stephen F. Austin,Stephen F. Austin Lumberjacks,Stephen F. Austin,1
Stetson Hatters,Stetson,,Stetson,Stetson,Stetson,Stetson,Stetson,Stetson,Stetson Hatters,Stetson,1
Stonehill Skyhawks,Stonehill,,Stonehill,Stonehill,Stonehill,Stonehill,Stonehill,Stonehill,Stonehill Skyhawks,Stonehill,
Stony Brook Seawolves,Stony Brook,2443,Stony Brook,Stony Brook,Stony Brook,Stony Brook,Stony Brook,Stony Brook,Stony Brook Seawolves,Stony Brook,1
Syracuse Orange,Syracuse,2186,Syracuse,Syracuse 11,Syracuse,Syracuse,Syracuse,Syracuse,Syracuse Orange,Syracuse,1
tarleton state texans,Tarleton St.,,Tarleton St.,Tarleton St.,Tarleton St.,Tarleton St.,Tarleton State,Tarleton State,Tarleton State Texans,Tarleton St.,1
Temple Owls,Temple,2177,Temple,Temple,Temple,Temple,Temple,Temple,Temple Owls,Temple,1
Tenn-Martin Skyhawks,Tennessee Martin,,Tennessee Martin,Tennessee Martin,Tennessee Martin,Tennessee Martin,UT-Martin,Tennessee-Martin,Tenn-Martin Skyhawks,Tennessee Martin,0
Tennessee Volunteers,Tennessee,,Tennessee,Tennessee 3,Tennessee,Tennessee,Tennessee,Tennessee,Tennessee Volunteers,Tennessee,1
Tennessee St Tigers,Tennessee St.,,Tennessee St.,Tennessee St.,Tennessee St.,Tennessee St.,Tennessee State,Tennessee State,Tennessee St Tigers,Tennessee St.,1
Tennessee Tech Golden Eagles,Tennessee Tech,,Tennessee Tech,Tennessee Tech,Tennessee Tech,Tennessee Tech,Tennessee Tech,Tennessee Tech,Tennessee Tech Golden Eagles,Tennessee Tech,1
Texas Longhorns,Texas,2380,Texas,Texas 10,Texas,Texas,Texas,Texas,Texas Longhorns,Texas,1
Texas AM Aggies,Texas A%26M,,Texas A&M,Texas A&M 7,Texas A&M,Texas A&M,Texas A&M,Texas A&M,Texas A&M Aggies,Texas A&M,1
Texas AM CC Islanders,Texas A%26M Corpus Chris,,Texas A&M Corpus Chris,Texas A&M Corpus Chris,Texas A&M Corpus Chris,Texas A&M Corpus Chris,Texas A&M-Corpus Christi,Texas A&M-Corpus Christi,Texas A&M-CC Islanders,Texas A&M Corpus Chris,1
Texas AM Commerce Lions,Texas A%26M Commerce,Texas A%26M Commerce,Texas A&M Commerce,Texas A&M Commerce,Texas A&M Commerce,Texas A&M Commerce,Texas A&M-Commerce,Texas A&M-Commerce,Texas A&M-Commerce Lions,Texas A&M Commerce,
texas christian horned frogs,TCU,2291,TCU,TCU 6,TCU,TCU,TCU,TCU,TCU Horned Frogs,TCU,1
Texas Rio Grande Valley Vaqueros,UT Rio Grande Valley,,UT Rio Grande Valley,UT Rio Grande Valley,UT Rio Grande Valley,UT Rio Grande Valley,Texas-Rio Grande Valley,Texas-Rio Grande Valley,UT Rio Grande Valley Vaqueros,UT Rio Grande Valley,1
Texas Southern Tigers,Texas Southern,,Texas Southern,Texas Southern 16,Texas Southern,Texas Southern,Texas Southern,Texas Southern,Texas Southern Tigers,Texas Southern,1
Texas State Bobcats,Texas St.,,Texas St.,Texas St.,Texas St.,Texas St.,Texas State,Texas State,Texas State Bobcats,Texas St.,1
Texas Tech Red Raiders,Texas Tech,2319,Texas Tech,Texas Tech 3,Texas Tech,Texas Tech,Texas Tech,Texas Tech,Texas Tech Red Raiders,Texas Tech,1
Texas Arlington Mavericks,UT Arlington,,UT Arlington,UT Arlington,UT Arlington,UT Arlington,UT Arlington,UT Arlington,UT-Arlington Mavericks,UT Arlington,1
Texas El Paso Miners,UTEP,,UTEP,UTEP,UTEP,UTEP,UTEP,UTEP,UTEP Miners,UTEP,1
Texas San Antonio Roadrunners,UTSA,,UTSA,UTSA,UTSA,UTSA,UTSA,UTSA,UTSA Roadrunners,UTSA,1
The Citadel Bulldogs,The Citadel,,The Citadel,The Citadel,The Citadel,The Citadel,The Citadel,The Citadel,The Citadel Bulldogs,The Citadel,1
Toledo Rockets,Toledo,,Toledo,Toledo,Toledo,Toledo,Toledo,Toledo,Toledo Rockets,Toledo,1
Towson Tigers,Towson,,Towson,Towson,Towson,Towson,Towson,Towson,Towson Tigers,Towson,1
Troy Trojans,Troy,,Troy,Troy,Troy,Troy,Troy,Troy,Troy Trojans,Troy,1
Tulane Green Wave,Tulane,2367,Tulane,Tulane,Tulane,Tulane,Tulane,Tulane,Tulane Green Wave,Tulane,1
Tulsa Golden Hurricane,Tulsa,2512,Tulsa,Tulsa,Tulsa,Tulsa,Tulsa,Tulsa,Tulsa Golden Hurricane,Tulsa,1
UAB Blazers,UAB,,UAB,UAB,UAB,UAB,UAB,UAB,UAB Blazers,UAB,1
UC Davis Aggies,UC Davis,,UC Davis,UC Davis,UC Davis,UC Davis,UC-Davis,UC Davis,UC Davis Aggies,UC Davis,0
UC Irvine Anteaters,UC Irvine,,UC Irvine,UC Irvine,UC Irvine,UC Irvine,UC-Irvine,UC Irvine,UC Irvine Anteaters,UC Irvine,0
UC San Diego tritons,UC San Diego,,UC San Diego,UC San Diego,UC San Diego,UC San Diego,UC-San Diego,UC San Diego,UC San Diego Tritons,UC San Diego,0
UC Riverside Highlanders,UC Riverside,,UC Riverside,UC Riverside,UC Riverside,UC Riverside,UC-Riverside,UC Riverside,UC Riverside Highlanders,UC Riverside,0
UC Santa Barbara Gauchos,UC Santa Barbara,,UC Santa Barbara,UC Santa Barbara,UC Santa Barbara,UC Santa Barbara,UCSB,UC Santa Barbara,UC Santa Barbara Gauchos,UC Santa Barbara,0
UCLA Bruins,UCLA,,UCLA,UCLA 11,UCLA,UCLA,UCLA,UCLA,UCLA Bruins,UCLA,1
UL Lafayette Ragin Cajuns,Louisiana Lafayette,,Louisiana,Louisiana Lafayette,Louisiana,Louisiana Lafayette,Louisiana,Louisiana,Louisiana Ragin' Cajuns,Louisiana Lafayette,1
Kansas City roos,UMKC,,Kansas City,UMKC,UMKC,UMKC,Kansas City,Kansas City,UMKC Kangaroos,UMKC,1
UNLV Rebels,UNLV,,UNLV,UNLV,UNLV,UNLV,UNLV,Nevada-Las Vegas,UNLV Rebels,UNLV,0
Utah Utes,Utah,,Utah,Utah,Utah,Utah,Utah,Utah,Utah Utes,Utah,1
Utah St Aggies,Utah St.,,Utah St.,Utah St.,Utah St.,Utah St.,Utah State,Utah State,Utah State Aggies,Utah State,1
Utah Tech Trailblazers,Utah Tech,,Utah Tech,Utah Tech,Utah Tech,Utah Tech,Utah Tech,Utah Tech,Utah Tech Trailblazers,Utah Tech,
Utah Valley Wolverines,Utah Valley,,Utah Valley,Utah Valley,Utah Valley,Utah Valley,Utah Valley,Utah Valley,Utah Valley Wolverines,Utah Valley,1
Valparaiso Beacons,Valparaiso,,Valparaiso,Valparaiso,Valparaiso,Valparaiso,Valparaiso,Valparaiso,Valparaiso Beacons,Valparaiso,1
Vanderbilt Commodores,Vanderbilt,,Vanderbilt,Vanderbilt,Vanderbilt,Vanderbilt,Vanderbilt,Vanderbilt,Vanderbilt Commodores,Vanderbilt,1
VCU Rams,VCU,,VCU,VCU,VCU,VCU,VCU,Virginia Commonwealth,VCU Rams,VCU,0
Vermont Catamounts,Vermont,2314,Vermont,Vermont,Vermont,Vermont,Vermont,Vermont,Vermont Catamounts,Vermont,1
Villanova Wildcats,Villanova,2561,Villanova,Villanova 1,Villanova,Villanova,Villanova,Villanova,Villanova Wildcats,Villanova,1
Virginia Cavaliers,Virginia,2315,Virginia,Virginia 1,Virginia,Virginia,Virginia,Virginia,Virginia Cavaliers,Virginia,1
Virginia Tech Hokies,Virginia Tech,2414,Virginia Tech,Virginia Tech 8,Virginia Tech,Virginia Tech,Virginia Tech,Virginia Tech,Virginia Tech Hokies,Virginia Tech,1
VMI Keydets,VMI,,VMI,VMI,VMI,VMI,VMI,VMI,VMI Keydets,VMI,1
Wagner Seahawks,Wagner,,Wagner,Wagner,Wagner,Wagner,Wagner,Wagner,Wagner Seahawks,Wagner,1
Wake Forest Demon Deacons,Wake Forest,2188,Wake Forest,Wake Forest,Wake Forest,Wake Forest,Wake Forest,Wake Forest,Wake Forest Demon Deacons,Wake Forest,1
Washington Huskies,Washington,,Washington,Washington,Washington,Washington,Washington,Washington,Washington Huskies,Washington,1
Washington St Cougars,Washington St.,,Washington St.,Washington St.,Washington St.,Washington St.,Washington State,Washington State,Washington St Cougars,Washington St.,1
Weber St Wildcats,Weber St.,,Weber St.,Weber St.,Weber St.,Weber St.,Weber State,Weber State,Weber State Wildcats,Weber St.,1
West Virginia Mountaineers,West Virginia,2283,West Virginia,West Virginia 5,West Virginia,West Virginia,West Virginia,West Virginia,West Virginia Mountaineers,West Virginia,1
Western Carolina Catamounts,Western Carolina,,Western Carolina,Western Carolina,Western Carolina,Western Carolina,Western Carolina,Western Carolina,Western Carolina Catamounts,Western Carolina,1
Western Illinois Leathernecks,Western Illinois,,Western Illinois,Western Illinois,Western Illinois,Western Illinois,Western Illinois,Western Illinois,Western Illinois Leathernecks,Western Illinois,1
Western Kentucky Hilltoppers,Western Kentucky,,Western Kentucky,Western Kentucky,Western Kentucky,Western Kentucky,Western Kentucky,Western Kentucky,Western Kentucky Hilltoppers,Western Kentucky,1
Western Michigan Broncos,Western Michigan,,Western Michigan,Western Michigan,Western Michigan,Western Michigan,Western Michigan,Western Michigan,Western Michigan Broncos,Western Michigan,1
Wichita St Shockers,Wichita St.,2374,Wichita St.,Wichita St. 4,Wichita St.,Wichita St.,Wichita State,Wichita State,Wichita St Shockers,Wichita St.,1
William- Mary Tribe,William %26 Mary,,William & Mary,William & Mary,William & Mary,William & Mary,William & Mary,William & Mary,William & Mary Tribe,William & Mary,1
Winthrop Eagles,Winthrop,,Winthrop,Winthrop,Winthrop,Winthrop,Winthrop,Winthrop,Winthrop Eagles,Winthrop,1
Milwaukee Panthers,Milwaukee,,Milwaukee,Milwaukee,Milwaukee,Milwaukee,Milwaukee,Milwaukee,Milwaukee Panthers,Milwaukee,1
Wisconsin Badgers,Wisconsin,2437,Wisconsin,Wisconsin,Wisconsin,Wisconsin,Wisconsin,Wisconsin,Wisconsin Badgers,Wisconsin,1
Wofford Terriers,Wofford,,Wofford,Wofford,Wofford,Wofford,Wofford,Wofford,Wofford Terriers,Wofford,1
Wright St Raiders,Wright St.,,Wright St.,Wright St. 14,Wright St.,Wright St.,Wright State,Wright State,Wright St Raiders,Wright St.,1
Wyoming Cowboys,Wyoming,,Wyoming,Wyoming,Wyoming,Wyoming,Wyoming,Wyoming,Wyoming Cowboys,Wyoming,1
Xavier Musketeers,Xavier,2390,Xavier,Xavier 1,Xavier,Xavier,Xavier,Xavier,Xavier Musketeers,Xavier,1
Yale Bulldogs,Yale,,Yale,Yale,Yale,Yale,Yale,Yale,Yale Bulldogs,Yale,1
Youngstown St Penguins,Youngstown St.,,Youngstown St.,Youngstown St.,Youngstown St.,Youngstown St.,Youngstown State,Youngstown State,Youngstown St Penguins,Youngstown St.,1
Le Moyne Dolphins,Le Moyne,Le Moyne,Le Moyne,Le Moyne,Le Moyne,Le Moyne,Le Moyne,Le Moyne,Le Moyne Dolphins,Le Moyne,1
Mercyhurst Lakers,Mercyhurst,Mercyhurst,Mercyhurst,Mercyhurst,Mercyhurst,Mercyhurst,Mercyhurst,Mercyhurst,Mercyhurst Lakers,Mercyhurst,1
West Georgia Wolves,West Georgia,West Georgia,West Georgia,West Georgia,West Georgia,West Georgia,West Georgia,West Georgia,West Georgia Wolves,West Georgia,1
